:020000040800F2
:10400000602E002081410008B760000811600008A0
:1040100000000000000000000000000000000000A0
:10402000000000000000000000000000F166000831
:10403000000000000000000009620008056B000895
:104040009341000893410008934100089341000800
:1040500093410008ED5B000893410008F95B0008FC
:1040600093410008934100089341000893410008E0
:104070009341000893410008934100086D6D0008CA
:10408000796F0008934100089341000893410008AC
:1040900093410008896B0008934100089341000890
:1040A00093410008934100089341000893410008A0
:1040B000557300089341000893410008D18200081D
:1040C00000F002F800F030F80CA030C808382418CE
:1040D0002D18A246671EAB4654465D46AC4201D140
:1040E00000F022F87E460F3E0FCCB6460126334242
:1040F00000D0FB1AA246AB4633431847A4B30000D6
:10410000D4B300000023002400250026103A01D378
:1041100078C1FBD8520700D330C100D50B6070477F
:104120001FB51FBD10B510BD00F0E0FF1146FFF731
:10413000F7FF06F01DF900F0F8FF03B4FFF7F2FFF8
:1041400003BC01F029F8000070B505460C46164680
:1041500002E00FCC0FC5103E102EFAD2082E02D36B
:1041600003CC03C5083E042E07D301CC01C5361F7E
:1041700003E021782970641C6D1C761EF9D270BD95
:104180000748804707480047FEE7FEE7FEE7FEE7EF
:10419000FEE7FEE704480549054A064B7047000064
:1041A000096B0008C140000860280020602E002034
:1041B000602A0020602A002030B5441C03E001780A
:1041C000401C00290DD08107F9D10B4BDD0104C83B
:1041D000D11A91432940FAD0001B0A0603D0C01E11
:1041E00030BD001B30BD0A0401D0801E30BD090265
:1041F000FCD0401E30BD00000101010101E004C0FF
:10420000091F0429FBD28B0701D50280801CC90736
:1042100000D00270704700290BD0C30702D0027093
:10422000401C491E022904D3830702D50280801C4A
:10423000891EE3E70022EEE70022DFE70022030900
:104240008B422CD3030A8B4211D300239C464EE0B1
:1042500003460B433CD4002243088B4231D303096D
:104260008B421CD3030A8B4201D394463FE0C3091F
:104270008B4201D3CB01C01A524183098B4201D337
:104280008B01C01A524143098B4201D34B01C01A22
:10429000524103098B4201D30B01C01A5241C3089A
:1042A0008B4201D3CB00C01A524183088B4201D309
:1042B0008B00C01A524143088B4201D34B00C01AF5
:1042C0005241411A00D201465241104670475DE00A
:1042D000CA0F00D04942031000D34042534000228D
:1042E0009C4603098B422DD3030A8B4212D3FC2236
:1042F000890112BA030A8B420CD3890192118B42B5
:1043000008D3890192118B4204D389013AD09211CA
:1043100000E08909C3098B4201D3CB01C01A524185
:1043200083098B4201D38B01C01A524143098B424E
:1043300001D34B01C01A524103098B4201D30B0137
:10434000C01A5241C3088B4201D3CB00C01A52415C
:1043500083088B4201D38B00C01A5241D9D2430843
:104360008B4201D34B00C01A5241411A00D2014680
:10437000634652415B10104601D34042002B00D5EA
:104380004942704763465B1000D3404201B50020AC
:10439000C046C04602BD704770477047F0B50C4636
:1043A000871A9C410D46861A9D4103D2C01BA1412C
:1043B000D21963410D0D1F0DC94EEC1BAE435CD0ED
:1043C0007F057F0D0026002F51D02D05AC46A94357
:1043D000DD020123ED0A1B051D4320231B1B24D4F2
:1043E0001746E740381871412F46E740CC199D40E9
:1043F0002818314661410C0D27D161449A4013D5EC
:104400000023401C594152000ED1400840000122B7
:104410004B005205D34207D305204007C14201D5C6
:10442000B04900E0B0493046F0BD6B00002A00D032
:1044300001229A181F23203C1B1B01D5002302E0F8
:10444000E540281871410C0DD7D001242405091925
:10445000C407CD0740084908E40F28436144002CF5
:10446000D5D00024401C61419A40D0D1CDE76A05E7
:10447000520DD9D1C90FC907D5E79C4D4E00002870
:1044800001D0012400E0002434195F00002A01D08B
:10449000012600E00026BE19954FAC420CD8AE4272
:1044A0000AD8B44206D001256D05EC42BCD01046B6
:1044B0001946F0BD9942FCD000203946F0BDF0B558
:1044C0001FB40C460F46811A9F412546861A9D410E
:1044D00006D20125ED076F40401ABC4152187B41BE
:1044E000210D1E0D8D1BAC467D4D8D437ED0750577
:1044F0006D0D7CD00D05AE46AC431B031B0B794DF7
:1045000052429D41202366469B1B14D31746F74019
:10451000381800260090744160462F460741E41980
:1045200000989D402818664116D4714671189A402B
:1045300025D5012320E093182A466A415200002B1A
:1045400000D0521C1E23203E9B1B002B61DD3541F9
:10455000EE1728186641E8D5001876415B1C9A4092
:1045600000D3401C4B05F3181524E34010D3002B57
:1045700052D071467118D30FC01802D3491C05B030
:10458000F0BD0123DB079A42F9D140084000F6E76D
:1045900001225205B21801D1002853D00123CC0AC0
:1045A000DB029943891E002A08D1020C03D0020CB9
:1045B0000004103902E00246002020390023550B88
:1045C00005D112020823550B01D152010D23550CC0
:1045D00001D112011B1DD50C01D192009B1C150DA0
:1045E00001D152005B1C2025EE1A01E02CE022E0F4
:1045F0000546F54015439840CA1AE10769181305A6
:10460000C918002ABBDA032040070818C10FC907E0
:104610000FE071466118B2E7F107400808437110D6
:1046200071444A000CD001235B059A42A7D2C90FFE
:10463000C9070020A3E74905490D26D1002001E064
:104640000028F4D100219AE7284D6600002801D007
:10465000012100E0002171185F00002A01D001262D
:1046600000E00026BE19224FA94210D8AE420ED853
:10467000B14208D001256D05E94206D01946A802CD
:10468000414010467BE79C4201D0214677E700205D
:10469000394674E710B50C465C4005D50124E407A3
:1046A0006340FFF70CFF10BDFFF778FE10BD30B47C
:1046B0000C465C4004D50124E407634030BC6DE641
:1046C00030BCFCE670B50124E40761400D465D4056
:1046D00002D4FFF763FE70BD6340FFF7F0FE70BDCC
:1046E000FF0700000000F0FF0000F07F0000E0FF87
:1046F0000000F87FF0B5F94D0C091E092C402E4042
:104700002F468BB0A7437DD0B543FCD0002E7AD086
:10471000002CFCD00D465D40ED0F2543AC1BFF2562
:10472000AD0464190894C502440DC9022143500D1B
:10473000DC0204430120C00701430443D20201917B
:10474000200C110C00958C46010423468B430A91E2
:1047500061460904E24D8A430991010A7D444919E1
:104760008039097805464D4301266D18F605751BFD
:104770006943C90C640B891C4C436418B5012C1B9C
:10478000250C2E04B4434C434D43210C6918890970
:104790000591009DE90701D00121C90704912C462C
:1047A00001996708CD072F434C08059DE10B4D4348
:1047B0002D0C29466646754302950D4645432E4607
:1047C000029D7D1BB44100950D465D4301942C0C68
:1047D0002F040D465543AE462D0C3D4302950394E0
:1047E0007546049C2D04641B049406D2029C039D10
:1047F000641C002675410395029401AC70CC009FA7
:104800007D1B01E03EE162E1B4410904009507919E
:1048100001940599A4086143090C0C464443650BB7
:10482000E7040C4666467443A646640B3C43039576
:1048300002947446049DE4042C1B049406D2029C4A
:10484000039D641C002675410395029401AC70CC55
:10485000009F7D1BB44101940C465C430095650F9D
:10486000E7000C465443A646640F3C43039502946C
:104870007446049DE4002C1B049406D2029C039D04
:10488000641C002675410395029401AC70CC009F16
:104890007D1BB441AE09AF06049DC900AD092F438D
:1048A000049DA406AD060495079D3443691807913D
:1048B000059DE10B4D432D0C294666467543029537
:1048C0000D4645432E46029D7D1BB44100950D4685
:1048D0005D4301942C0C2F040D465543AE462D0C20
:1048E0003D43029503947546049C2D04641B049477
:1048F00006D2029C039D641C002675410395029418
:1049000001AC70CC009F7D1BB44101948C050694D2
:10491000079C890A611800950791019C0599A408D4
:104920006143090C0D464543680BEF040D46644690
:1049300065436C0B3C43049FED047D1BAC4602D2E7
:104940000025641C6841009E019D371B8541084677
:10495000584301950C46460FC5005443600F284349
:104960006546E4002C1B02D20025401C6E41019DCF
:104970003F1AB5412846BD09800628438446A00950
:10498000BF064E020699A40676180743079D00202D
:1049900068410A99079019430020099B00906046DE
:1049A000FF1913434041E20F64003A43A446044612
:1049B000D71A8C41A04203D90120009020463A46E4
:1049C000C70F941840416246D20F224364466400E8
:1049D0000494009CBE466400D71AA446044602977D
:1049E0008C417746002F01D1A04204D96046401C7B
:1049F0008446029A2046C40FA64694184041049A61
:104A00000546D20F224364466400D31A8D41714695
:104A1000002901D1A84202D928461A46641C104335
:104A20000122002800D0164361020020079B89194B
:104A300004465C410223002C02DB49181346644102
:104A4000089DCE0A2D145D194B056705E10A2C055A
:104A50000D1908993E43C9076940002B08D09340BF
:104A600006D30022761C5141002B01D17608760036
:104A70001C4A002D43DB154241D0AA433FD03046AB
:104A80000BB0F0BD06180D464D41174C7642AC41B7
:104A90001AD395181C465C41134A6D42A24113D3A8
:104AA000012252054C00D4420AD15C00D4420BD002
:104AB0004B4002D592021143E2E749004908DFE783
:104AC0005940C90FC90718E000200849D8E7054830
:104AD00001420DD10342F7D0F2E700000000FF07CA
:104AE00004AB00000000F07F0000E0FF0000F87F52
:104AF000114859400143C01241400020C0E7012342
:104B0000089A9B069A4205DC032252078918C90FAE
:104B1000C907B5E7052252078918074A1143D2127F
:104B20005140ADE770B515461C4602460B46284677
:104B30002146FFF7DFFD70BDFFFFFF7F30B5034665
:104B4000CA02400D1043164D164C0A1502D02043E0
:104B5000002A06DBAA1A002A12DDD040FF2A0BDC4D
:104B600030BD5205520D01D140004008AA1A07D4A9
:104B7000D0404042FF2A01DD002030BD0028FCDD8E
:104B80004A00002B01D0012000E000201018012273
:104B90005205D042F0D8C817C043604030BD000075
:104BA0001E040000000000800346CA02400D10B53C
:104BB00010430A1504D00124E4072043002A05DB32
:104BC0000A4CA21A04D4D040FF2A00DD002010BDF8
:104BD0004A00002B01D0012000E000201018012223
:104BE0005205D042F2D8C817C04310BD1E040000C1
:104BF0001F22030C02D10F22000402D0030E03D0A7
:104C000004E00020014670470002083A030F01D17A
:104C10000001121F830F01D18000921E002801DBCA
:104C20004000521E120551184205C012411810468C
:104C30007047C10FC90700D04042012292071143BB
:104C4000D6E701218907D3E7F0B58B4C0F0925463C
:104C500089B0BD437BD01D092646AE43FAD00E462F
:104C60005E402740F60F3E43254071D0240121428B
:104C7000FBD0FF24AD19A4042D1B039501252D05A0
:104C8000DB02DB0AC9022B43C90A29431E010901C1
:104C9000040F130F050121431701880B8203914371
:104CA0002D098C46A90B1E438A039543B30B9A0327
:104CB00096433F09BA0B9403A74302962E467E43C0
:104CC0000497B6464E19D7190C46019654430597DA
:104CD0007E43371B7646BF1B3601B646BE0B3619E0
:104CE00000967646BC043719009C01D3641C0094DE
:104CF0006400002F01D001263443029E049F7543B7
:104D000066467E430496760034196E00341900948A
:104D1000029C019E1C196643751BAE4606946546AF
:104D20004519059C05956C43594375460891691AC8
:104D30000191049E01465143A41B0491611A009CF9
:104D40000791E10605D061090122114302E072E0FA
:104D50006EE06109089D00272C0A2D066918049D44
:104D60007C412A0A2D066918019D6241AC0DAD02F5
:104D70006D185441079A910D920255196141029A9A
:104D8000644658435443069B059A5A43121A131B10
:104D90009A0E9B015B187A41010B0005C318514123
:104DA000220A200644195A419A4200D2491C012085
:104DB0004002814203D315230226F64302E0142366
:104DC0000326F6432020C51AA9401746AF40DA4013
:104DD0000A4320460399D84009147318190551183D
:104DE000039A3843D2075140AC4009D00122944085
:104DF00006D30022401C5141002C01D14008400044
:104E00001E4A934212D3012203989206904207DB76
:104E10000520400709181A480143C012414004E028
:104E2000032040070818C10FC907002009B0F0BDD2
:104E30000020F107FAE705180C464C4111486D4275
:104E4000A04115D394181A465A410E486442904125
:104E50000ED301204A004005824209D35A00824203
:104E600006D35940C90F084AC90700201143DDE79E
:104E700000200649DAE700000000FF07FE070000F7
:104E8000FFFFFF7F0000E0FF0000F07F0000F87FE1
:104E900010B500F001F9006810BD10B5044600F02F
:104EA000FBF8046010BD0000F8B5224C4E00069DD2
:104EB000A6420AD8A64201D1002806D15E00A64229
:104EC00003D8A6420AD1002A08D00D242404254282
:104ED0002CD02946002000F0E3F8F8BD0C461C4316
:104EE0000CD4994202D0EFF30080F8BD904202D07A
:104EF000EFF30080F8BDEFF30080F8BD092424072C
:104F0000E5008B4206D0EFF30080A043591A06D289
:104F1000284304E0101A05D3EFF30080A04380F388
:104F20000088F8BDEFF30080A043F1E7009500F0A2
:104F3000CFF8F8BD0000E0FF70B505464800440D0D
:104F4000124B0020002C0AD0634008D09A4206DAA7
:104F50006642B24203DD12054019514170BD002C7A
:104F600008D0002B09D0C90FC907002AF6DB084A70
:104F7000114370BDC90FC90770BD28460A0310430D
:104F800002D00020034970BD284670BDFF07000015
:104F90000000F07F0000F87FF0B53D4B02460C4664
:104FA0001C400020002C63D03A4D8B4366D0002972
:104FB0006BDB0B0D1D05A94301252D05294301249C
:104FC000FD33E34001D392184941FF3381339C46BE
:104FD0008B02940D0121234389074C429202002742
:104FE0001B198C105D1A04D42D1B02D42B466500AE
:104FF000491992185B416408F4D15C1A08D4012560
:10500000ED07EE175519744102D42A462346491C70
:1050100094185B41012292071D46E61B8D4106D480
:10502000B61A854103D42B46550034467F192419FE
:105030005B415208802AEFD1234300D00223384637
:105040000A22D04001D3012213438A05104362464D
:10505000890A12058918002B09D00122D34002D3F6
:105060000022401C5141002B01D140084000F0BDFE
:105070000B03134307D0C90FC907F0BD0803104342
:1050800003D1002901DB1046F0BD00202946F0BD08
:105090000000F07F0000F87F0048704700280020E3
:1050A000C80212D54803400F002804D0C803C043EB
:1050B000012188407047EFF30080000100090321BF
:1050C0000907084380F300887047002070470000FC
:1050D00010B500200249029A00F02FF810BD000020
:1050E0000000F87F00487047002800207546FFF751
:1050F000F9FFAE46050069465346C008C000854624
:1051000018B020B5FFF746F860BC00274908B6463E
:105110000026C0C5C0C5C0C5C0C5C0C5C0C5C0C5C6
:10512000C0C5403D49008D46704710B50446C04695
:10513000C0462046FFF701F810BD10B50C46110718
:10514000090F092904D00A290AD008290CD104E042
:1051500011460820FFF7A4FF06E0510606D501E03E
:10516000510601D50120C007214610BDD10607D543
:1051700001010909CC084907000E0006044309E0B3
:10518000410F20024907000A0143200E00061D229C
:10519000D14101430846E7E701491820ABBEFEE7CD
:1051A00026000200704770B58C180578401C6B070C
:1051B0005B0F01D10378401C2A1106D10278401CF4
:1051C00003E00678401C0E70491C5B1EF9D12B07CA
:1051D00005D40023521E0DD40B70491CFAE7037846
:1051E000401CCB1A921C03E01D780D70491C5B1CFF
:1051F000521EF9D5A142D8D3002070BD10B50B4680
:105200000021846A1C43846200BF0C46144321467B
:10521000416110BD002904D0826801231A438260D5
:1052200003E0826802231A438260704730B501466A
:105230000020002200238C680125ED072C438C60A0
:1052400000BF8C68E30FDB07521C0F242403A2422B
:1052500001D0002BF5D18C68E40FE407002C01D1BC
:10526000086C00E0002030BD0146086C80B2704739
:1052700030B5024600200023012424060C40002CF7
:1052800005D0946801252D06AC43234600E0136841
:105290001C460C40002C01D0012000E0002030BD55
:1052A000816804221143816070470021016001710F
:1052B0008160C16001614161704700007CB50026DA
:1052C000002000907EE16846808805072D0F002DA4
:1052D0007ED16846808810210840002816D1BF483A
:1052E0000068BF490840BD490860BE4C207800F006
:1052F00065FEA061A169206940182061BA48006874
:10530000002142682046203890475BE1B54C50347C
:10531000B248006881B20091684600880121C90244
:10532000084000281AD0207800F036FEA061208BBB
:1053300082B2A1882046583800F054FFA748006880
:105340004004400CA64980310840A4490860A648A2
:105350000068816820467038884733E168460088D5
:105360000121C90308400028ACD09C4800684004D3
:10537000400C9B498031084098490860207800F033
:105380000BFEA061A069002809D0238B9AB2A188E6
:10539000206900F027FFA169206940182061924828
:1053A0000068002102688F48203890478B484030C1
:1053B000006980B2801D8D4A8118E2683E2A11D9A9
:1053C000E268D202100C227BD206D20E002A00E044
:1053D00026E001D1421E90B282020123DB031A4370
:1053E0000A800CE0E268D203100C227BD207D20FB5
:1053F000002A01D0421C90B28206120C0A80774922
:1054000009687B4A114008460121090348404900C8
:1054100048408900014380221143704A1160D1E065
:10542000A8006E494018006881B200916846008863
:105430000121C903084000285FD0A800674940182F
:1054400000684004400C664980310840A900634A66
:105450008918086028206843624950314418A07AAE
:1054600000280BD1207800F097FD0646002E28D0AA
:10547000A1883246206900F0B5FE22E0207800F0D5
:105480005DFD01218903084000280BD0207800F041
:105490005FFD0646002E10D0E1883246206900F0FC
:1054A000A1FE0AE0207800F065FD0646002E04D03B
:1054B00021893246206900F095FE2078002100F015
:1054C000A1FCA0698019A061206980192061606930
:1054D000002802D0E068B04207D92178424800682D
:1054E000026840482038904707E0A08A83B22178BC
:1054F0003C482038226900F0F3F968460088802192
:10550000084000285ED02820684336494418A80087
:1055100032494018006832490840A9002F4A8918CA
:105520000860A07A00280DD1207800F047FDA06126
:10553000A06900282CD0238B9AB2A188206902F0A0
:1055400061FF25E0207800F0F9FC402108400028A8
:105550000DD0207800F0FCFCA061A069002813D0D9
:10556000238B9AB2E188206902F04CFF0CE020788E
:1055700000F000FDA061A069002805D0238B9AB23D
:105580002189206902F03EFF2078012100F03AFCD9
:10559000207800F013FDA061A16920694018206106
:1055A0006069002807D121780F48006842680D48DB
:1055B0002038904706E021780A482038636922693C
:1055C00000F036FA05484030406880B20190012171
:1055D000C9030840002800D075E67CBD005C00408F
:1055E0000F8F00002C0E0020FC0000200060004007
:1055F0008FBF00000246002003E0535C4B431818A5
:10560000491E0029F9D100BF7047000081000A4AF5
:10561000891809681214114000290BD08100064A2C
:1056200089180968054A1140054A11438200024B56
:10563000D218116070470000005C00408F8F00009E
:1056400080C0000081000A4A891809684022114080
:1056500000290BD08100064A89180968054A1140C3
:10566000054A11438200024BD218116070470000B6
:10567000005C00408F8F0000C080000004498969F1
:105680000122D2031143024A9161012181707047C6
:10569000405C004070B506460D46802028408028BA
:1056A00007D16806400E282148433146203144186E
:1056B00006E06806400E2821484331467031441800
:1056C000A07A002812D16078002807D02078FFF750
:1056D000B9FF2078002101F05FF92DE02078FFF775
:1056E00095FF2078002101F013F925E0607800286B
:1056F00011D12078FFF78AFF2078FFF7A3FF2078E9
:1057000001F014FE2078002101F002F92078002138
:1057100001F042F910E02078FFF778FF2078FFF7DA
:1057200091FF207801F0EEFD2078002101F034F99E
:105730002078002101F0ECF8002070BD70B506461D
:105740000D4680202840802807D16806400E282179
:10575000484331462031441804E02820684331464C
:10576000703144186078002809D02078FFF76AFF6C
:105770002078302101F010F90020A07009E0207895
:10578000FFF744FF20780321090301F0C1F800204E
:10579000A070002070BDFFB581B006460D461746CB
:1057A00080202840802809D16806400E28214843DF
:1057B0003146203144180120607008E06806400E30
:1057C0002821484331467031441800206070E7605A
:1057D0000498E0706806400E20702078002802D1FE
:1057E0006062E0612062002020616061A061A070C1
:1057F000E078002806D0012815D0022808D0032818
:1058000017D10AE020780121490201F0E7F810E001
:105810002078002101F0E2F80BE020780321490212
:1058200001F0DCF805E020780121890201F0D6F8CA
:1058300000BF00BFA07A002820D1607800280BD0DC
:10584000A188207801F08AF82078FFF7FBFE207805
:10585000202101F0A1F840E0A188207801F01EF895
:10586000A28991B2207801F02BF82078FFF7CEFEC4
:1058700020780321090301F04BF82EE0207800F096
:10588000F7FF2289E188207800F070FF6078002817
:1058900012D12078FFF7BAFE2078FFF7D3FE2078E8
:1058A00001F044FD20780321090301F031F820784C
:1058B000002101F071F810E02078FFF7A7FE2078B2
:1058C000FFF7C0FE207801F01DFD2078002101F0D7
:1058D00063F82078002101F01BF8002005B0F0BD2E
:1058E000FFB581B005460E461746002000907006B1
:1058F000400E2821484329467031441827610498F6
:1059000060610020A061E1686069884206D9E068B2
:10591000009060690099401A606103E0606900903E
:1059200000206061A07A002805D1009A91B2207809
:1059300000F0C6FF05E0009B9AB26178207800F085
:1059400031FF20780321090300F0E2FF002005B0B9
:10595000F0BD000030B502460020117100BF10E01C
:1059600003069B0D0B4C1B191B680B4C23400B4C67
:105970002343C4B223430406A40D064D64192360D7
:10598000401C0228ECD380230B43024C4034E360DC
:1059900030BD0000005C00408F8F00008080000060
:1059A00070B506460D4680202840802807D168063D
:1059B000400E2821484331462031441804E0282075
:1059C00068433146703144182078002819D1217875
:1059D0008900154A89180968144A114008460121AE
:1059E0000903484010214840C90201438022114365
:1059F000227892000C4BD21811600120A070002078
:105A000070BD6078002806D00120A0702078102199
:105A100000F0C2FF06E00120A070207801210903F8
:105A200000F076FF0020EBE7005C0040BFBF000005
:105A3000FFB583B006460D46174600200290680663
:105A4000400E282148433146203144186806400E54
:105A500020702761069860610020A061E16860699C
:105A6000884206D9E068029060690299401A606134
:105A700003E06069029000206061A07A00280BD1E9
:105A8000029B9AB2A188206902F0BCFC029A91B2F2
:105A9000207800F073FF1EE000200190029B9AB274
:105AA0006178207800F07EFE207800F047FA4021EF
:105AB0000840002802D02089019001E0E088019090
:105AC00002998AB22069019902F09CFC61782078E1
:105AD00000F098F900BF2078302100F05DFF002031
:105AE00007B0F0BD10B504460120A0700020207161
:105AF0000120206100F034FE002000F031FE002083
:105B000000F07EFF002000F021FEBF2000020349CC
:105B10000860098888B200F023FE10BDD400002080
:105B200070B505460C4680202040802807D16006CD
:105B3000400E282670432E462036811906E0600666
:105B4000400E282670432E4670368119002A03D154
:105B5000002088728B8004E001208872CB80180CB2
:105B60000881002070BD00007CB506463046FFF776
:105B700060F80446074A084BFFF766F80191009069
:105B800001990098FEF7DAFF064600E0761E002E27
:105B9000FCD17CBDCDCCCCCCCCCC1A4001B581B0F5
:105BA0000020009006E07D20C00000F008F8019879
:105BB000401E0190019900988842F4D30CBD01B5B4
:105BC00082B07D20C00000900020019009E002E03A
:105BD0000098401E009000980028F9D10298401EBD
:105BE0000290029901988842F1D30EBD10B50320AE
:105BF00000F058F810BD000010B525484069FF219D
:105C000001310840002824D022490888C10F091812
:105C100049104900411A08D00120800204F086FB97
:105C20000120400304F07CFB03E00120800204F02B
:105C300077FB18480088401C1649088008460088F1
:105C4000052801DD0020088013480078401C124917
:105C500008700F48406901214902084000280BD014
:105C60000E48008A0840002803D033200C49887170
:105C700002E055200A4988714620FFF78FFFFF2078
:105C8000013000F00FF80120400200F00BF810BDC9
:105C9000000401409C050020CC05002000040048C1
:105CA000C808002001494861704700000004014015
:105CB00030B5044604250B20000400F08FF805469B
:105CC000042D17D10C480069022108430A490861D4
:105CD00008464461006940210843074908610B20D8
:105CE000000400F07BF80546034800690221884360
:105CF00001490861284630BD0020024004200D49BA
:105D0000C968C907C90F002901D0012010E009495D
:105D1000C96810221140002901D0022008E005497D
:105D2000C96804221140002901D0032000E00420AA
:105D300070470000002002400348006980210843AA
:105D400001490861704700000020024078B506460E
:105D50000C460425002000900B20000400F03EF8C3
:105D60000546042D24D11348006901210843114937
:105D7000086134800B20000400F030F80546042D43
:105D800010D1B01C0090200C009908800B2000045A
:105D900000F024F80546074800694008400005491E
:105DA000086105E0034800694008400001490861B6
:105DB000284678BD0020024005480069802108403F
:105DC000002804D0034802494860034848607047EF
:105DD0000020024023016745AB89EFCD10B5034693
:105DE0000424FFF78BFF044603E0FFF787FF044618
:105DF0005B1E012C01D1002BF7D1002B00D1052413
:105E0000204610BD10B500290CD182000D4BD218D0
:105E100012680D4B1A400D4B1A438300094C1B1995
:105E20001A600DE001290BD18200064BD2181268CE
:105E3000054B1A40064B1A438300024C1B191A608B
:105E400010BD0000005C00408F8F0000C08000008B
:105E500080C00000F0B50A4600210023002400BFE6
:105E60003DE001258D402B4615681D402C469C4287
:105E700034D11579012D02D01579022D16D18568FE
:105E80004F000326BE40B543856055794E00B540AE
:105E9000866835438560858801268E40B5438580B8
:105EA000858896798E40B6B23543858005684F0067
:105EB0000326BE40B543056015794E00B54006681F
:105EC00035430560C5684F000326BE40B543C56035
:105ED000D5794E00B540C6683543C560491C1029C8
:105EE000BFD3F0BDF0B5002300244D07EE0E1546DC
:105EF000B5402B46CD10AE0005462035AD594E07B6
:105F0000F70E0F26BE40B543CE10B6000746203729
:105F1000BD51CD10AE003D46AD591D432C46CD10B0
:105F2000AD003E467451F0BD02460020138A0B407E
:105F3000002B01D0012000E00020704701468800BE
:105F4000024A8018006880B270470000005C004080
:105F500001460648006980B2CA008018801C044AC5
:105F6000801800888005800D70470000405C00406C
:105F70000060004001460648006980B2CA008018EF
:105F8000801D044A801800888005800D704700003D
:105F9000405C00400060004001460648006980B255
:105FA000CA008018801D044A801800888005800D72
:105FB00070470000405C0040006000400146064819
:105FC000006980B2CA008018801C044A80180088CA
:105FD0008005800D70470000405C0040006000407C
:105FE00070B50948C46A056B466BA419002C0AD029
:105FF00008220649204600F043F8042203491031E4
:10600000284600F03DF870BD80F7FF1F56060020BF
:1060100013E00920C006808A012149034840092174
:10602000C90688820846808A0121890248400921E0
:10603000C9068882C820FFF7B1FDEAE70148024996
:1060400008607047CCCC0000003000400148024995
:1060500008607047AAAA000000300040014948606B
:106060007047000000300040014988607047000020
:1060700000300040014908607047000000300040D7
:1060800030B50B46002100BF12E0040F0A2C04D2E9
:10609000040F30344D005C5503E0040F37344D00DD
:1060A0005C55000100254C00641C1D554C1CE1B2E0
:1060B0009142EADB30BD7047C206D20E0121914009
:1060C000014A11607047000000E100E0C206D20EF4
:1060D00001219140014A11607047000000E100E099
:1060E00000218278002A27D0184A03231B02D218E5
:1060F00003789B109B00D15802789207D30EFF22A1
:106100009A400B469343194642789207120E037841
:106110009B07DB0E9A4011430C4A03231B02D21843
:1061200003789B109B00D1500278D306DB0E01222E
:106130009A40064B1A6007E00278D306DB0E012274
:106140009A40024B80331A607047000000E100E083
:1061500010B5002819DA1A4A03071B0F083B9B08E1
:106160009B00D2588307DC0EFF23A3409A438B0782
:106170001B0E8407E40EA3401A43114B0407240F9F
:10618000083CA408A4001A5118E00E4A03231B027D
:10619000D21883089B00D2588307DC0EFF23A3404C
:1061A0009A438B071B0E8407E40EA3401A43054B4A
:1061B000032424021B198408A4001A5110BD0000F6
:1061C0001CED00E000E100E0BFF34F8F03480449FD
:1061D000C860BFF34F8F00BFFEE700000400FA0560
:1061E00000ED00E070B5561C7510064E8C192B465C
:1061F00005E026880680A41C401C401C5B1E002B6A
:10620000F7D170BD0060004070470000002905D044
:10621000054A52690243044B5A6104E0024A52693A
:106220008243014B5A61704700100240002905D09B
:10623000054AD2690243044BDA6104E0024AD2699A
:106240008243014BDA61704700100240002905D0FB
:10625000054A92690243044B9A6104E0024A92693A
:106260008243014B9A61704700100240002905D01B
:10627000054AD2680243044BDA6004E0024AD2685D
:106280008243014BDA60704700100240FEB50446BD
:106290000025002600200290019000900027704801
:1062A00040680C2108400546002D06D0042D07D07B
:1062B000082D08D00C2D2CD128E06A4820602BE056
:1062C0006848206028E0664840680F21890408403B
:1062D0000646634840680321C90308400290B00C99
:1062E000861C0298002803D15F48374647430BE0DD
:1062F0005B48C06A0007000F401C01905948019993
:10630000FDF79CFF70430746276005E05748206073
:1063100002E05448206000BF00BF51484068F021AF
:10632000084005462D095248405D009021680098BC
:10633000C14061604A48406807210902084005469B
:106340002D0A4B48405D009061680098C140A160F3
:106350004348006BFF2101310840884202D0454884
:10636000E0600DE03E484068012189030840884212
:1063700003D0A0684008E06002E0A0688008E06008
:106380003748006B40210840402802D03A4820613D
:1063900002E00120C00320613148006B1021084059
:1063A000102802D02F48606101E0206860612C480D
:1063B000006B8007800F002802D1A068A06119E05F
:1063C0002748006B8007800F012802D12068A06158
:1063D00010E02348006B8007800F022802D1800361
:1063E000A06107E01E48006B8007800F032801D1E1
:1063F0001C48A0611A48006B0321090408400028CA
:1064000002D1A068E06120E01548006B0321090477
:10641000084001210904884202D12068E06114E0AB
:106420000F48006B032109040840012149048842F8
:1064300002D18010E06108E00948006B03210904E3
:106440000840884201D10748E0610548006B80217F
:106450000840802802D00548206200E02762FEBD87
:106460000010024000127A0000093D00006CDC02BE
:10647000C4000020809FD5001280000010B50246A5
:106480000021002300205111002902D10C4C236867
:106490000BE0012902D10A4C236A06E0022902D14D
:1064A000074C636A01E0064C636BD106C90E0124F8
:1064B0008C401C40002C01D0012000E0002010BDC9
:1064C00000100240002806D00649496A0122114303
:1064D000044A516205E00349496A49084900014AF2
:1064E00051627047001002400549096B80229143B8
:1064F000034A11631146096B0143116370470000A1
:106500000010024010B5FFF757FC0348FFF7D0FB1F
:10651000FFF712FC10BD00000038000838B5054632
:1065200000200090072D01D02F4805702E480078DC
:10653000030001F07DFF0805121A202C3952535137
:106540000098002805D100F053F80620264908706D
:1065500002E005202449087044E000F049F80420D6
:1065600021490870012000903CE002201E4948703B
:106570000320087036E01C484078401E1A494870D5
:1065800008464078002801D1042008702AE0174806
:10659000006884B2102004431448046005201249A6
:1065A00008700A2048701DE00F484078401E0E49D0
:1065B00048700846407800280DD10C48006884B225
:1065C00010212046884304460848046006200649F6
:1065D00008700020009005E000BF00BF06200249BF
:1065E000087000BF00BF38BD6E060020405C004050
:1065F0000649096888B204220146914308460349C6
:106600000860BF210902014A11607047405C0040E8
:106610007CB504460D46A1002A4A5158A2002A4BD7
:106620009A58114308460121FFF7F0FD002C03D1D1
:1066300001218803FFF70AFE012C03D10121480440
:10664000FFF7F4FD6300214EF25C6300204EF15A27
:10665000A300204EF058FFF745FC63001E4EF25C8D
:1066600063001E4EF15AA3001D4EF058FFF73AFC8E
:1066700060001C49085A00900221684601710321FC
:106680004171002181710121C171A100114A50584D
:106690006946FFF7DFFB60001349085A0090A1002C
:1066A000324650586946FFF7D5FBA1000F4A5058B3
:1066B000294600F0C7FEA1000C4A5058012100F005
:1066C000ABFE7CBDBCF10008C4F10008DCF10008A1
:1066D000D4F10008E0050020E0F10008D8F100083E
:1066E000E8050020CCF10008D0F10008D805002012
:1066F0007047000001460020044A106880088000AE
:1067000002460A431046014A1060704700000140EB
:1067100010B5044621460648006800F00CFF00BF93
:1067200080210348006800F083FE0028F8D010BDE7
:10673000D405002010B5044603E02078FFF7E8FFF9
:10674000641C20780028F8D110BD000002490140E7
:10675000024A116170470000F8FF0000405C0040F1
:106760000149086070470000405C004030B54B10A4
:106770005B000A4C2469A4B2C5006419084D641971
:10678000238053105C00054B1B699BB2C5005B194D
:106790001B1D034D5B191C8030BD0000405C004098
:1067A0000060004070B50346002921D12E480069E1
:1067B00080B2DD004019801C2C4D44193E2A0CDDAE
:1067C0005011D506ED0E002D01D1451EA8B285024F
:1067D0000126F6033543258009E05010D507ED0F5B
:1067E000002D01D0451CA8B285062D0C25800AE09D
:1067F000012908D11C48006980B2DC000019801C06
:106800001A4C00190280002921D11748006980B272
:10681000DD004019801D154D44193E2A0CDD501134
:10682000D506ED0E002D01D1451EA8B28502012628
:10683000F6033543258009E05010D507ED0F002DF4
:1068400001D0451CA8B285062D0C25800AE001293F
:1068500008D10548006980B2DC000019801D034C96
:106860000019028070BD0000405C004000600040E4
:106870008100074A8918096892151143054A114099
:10688000054A11438200024BD21811607047000084
:10689000005C00408F8F00008080000010B54A101F
:1068A0005300054A126992B2C4001219121D034C1A
:1068B0001219138010BD0000405C004000600040D1
:1068C00030B502461048006980B2D4000019801D1E
:1068D0000E4C03193E290CDD4811CC06E40E002CA9
:1068E00001D1441EA0B284020125ED032C431C807B
:1068F00009E04810CC07E40F002C01D0441CA0B2E2
:106900008406240C1C8030BD405C004000600040C8
:1069100030B583000F4C1B191B680F4C23401A46DF
:1069200001231B030B40002B02D001231B035A4001
:1069300001235B030B40002B02D001235B035A4071
:106940000123DB031343802423438400014D641996
:10695000236030BD005C00408FBF000010B54A10BE
:106960005200044B1B699BB2C4001B19024C1B193B
:106970001A8010BD405C004000600040044A12696B
:1069800092B2C300D218921C024BD21811807047E9
:10699000405C00400060004030B583000D4C1B1986
:1069A0001B680D4C23401A4610230B40002B01D0CE
:1069B00010235A4020230B40002B01D020235A40A3
:1069C0000123DB031343802423438400014D641916
:1069D000236030BD005C0040BF8F000010B5820016
:1069E000054BD2181268054B1A400A438300024C2B
:1069F0001B191A6010BD0000005C00408F89000068
:106A00000149486070470000405C00400CB5002020
:106A100001900090112031490860314840683049A8
:106A2000486008464068486008460068012109043B
:106A300008432B49086000BF294800680121490428
:106A4000084000900198401C01900098002804D153
:106A50000521090301988842EED1214800680121EF
:106A600049040840002802D00120009001E00020E5
:106A70000090009801280DD1194840687F21C90372
:106A800088431749486008464068112109040843B3
:106A9000134948601248006801210906084310495B
:106AA000086000BF0E480068012149060840002820
:106AB000F8D00B48406880088000094948600846C3
:106AC0004068022108430649486000BF0448406806
:106AD0000C2108400828F9D10CBD0000002002401C
:106AE000001002400649096888B208210843044999
:106AF0000860096888B204210843014908607047AA
:106B0000405C00407047000010B51B480068012140
:106B10000843194908600846406818490840164962
:106B2000486008460068164908401349086008464E
:106B300000680121890488430F49086008464068BD
:106B40007F21C90388430C4948600846C06A000990
:106B50000001C8620846006BFF2154318843064992
:106B600008630846406B0749084003494863002012
:106B70008860FFF74BFF10BD001002400CB8FF808B
:106B8000FFFFF6FEFEFFFEFF70B50920C006808AFB
:106B90000121890248400921C90688820025002672
:106BA00069480078002834D16848008A802108406C
:106BB000C011002806D16548008A4900084000122B
:106BC00000280BD00021624800F026FA002061491D
:106BD00008806148007807F0C5FEACE05D48008899
:106BE000401C5C490880084600880F28F5DD01201C
:106BF00055490870002406E000221146204600F0A6
:106C000077FA601CC4B2042CF6DB002051490880DE
:106C100091E050480088401C4E4908804B48008A4B
:106C200080210840C01100281DD14848008A490031
:106C300008400012002816D148480078401C4749F7
:106C4000087008460078082801DD0120087000203F
:106C5000404908804148007802F0CAFA05464B20B6
:106C60000001FEF79BFF3D48007802F0C1FA05469F
:106C7000032138480088FDF7EBFA002905D02946A2
:106C80003648007801F042FE1CE03048008A80213E
:106C90000840C011002815D02C48008A490008403F
:106CA000001200280ED0002406E0002211462046E3
:106CB00000F01EFA601CC4B2042CF6DBFF202D305D
:106CC000FEF76CFF23480088142834DD002021499A
:106CD00008801D49087000221146104600F008FA8D
:106CE00008201E4908701E480078002823D01D483F
:106CF000017B0022082006F065FD1A48407B1949F7
:106D0000098A09020843064600223146092006F096
:106D100059FD15480078002805D0002239210E20A1
:106D200006F050FD04E0002240210E2006F04AFD4E
:106D300000200B4908700121054800F069F9012184
:106D4000034800F069F970BDAA050020000400485E
:106D500000440140A8050020CD050020CE050020FC
:106D6000D2050020C80800207C01002010B56D4825
:106D70000078002811D16C480088401C6A490880BE
:106D80000846008878280BDD00200880012067492C
:106D90000870400303F0C4FA02E000206249088052
:106DA00063480078002808D062480078002804D1A1
:106DB00061480078401C604908705F4800780228EC
:106DC00007DD00205C4908705949087001205B49C3
:106DD00008705B480078401C5949087059480068A1
:106DE000401C5849086058480068401C56490860D3
:106DF000544800685549884207DD00205149086021
:106E0000534908804880504908604E4800685149FD
:106E1000884202D1012050490870494800783C2836
:106E200026D100204649087049488079332804D18A
:106E300047480088401C4649088045484079552805
:106E400004D143484088401C41494880404800885C
:106E50002D214901884202DD00203D4908803C483F
:106E600040882D214901884202DD002038494880B0
:106E7000334800782D280AD138480078002802D1FC
:106E800001203749087001203449087002E00020D1
:106E9000324908702E48807B55281FD12948006848
:106EA00030490968884209D12948007B2849897CF2
:106EB000401A2749087301202B49087021480068AF
:106EC0002A490968884209D12148007B2049897CE8
:106ED00040181F490873022023490870FF2101311F
:106EE0000920C006FFF720F8002803D00020204921
:106EF000087004E01E480078401C1D4908701C48BA
:106F00000078052809DD0020194908700120400398
:106F100003F00CFA0120174908700121880700F0DE
:106F200077F810BDBC060020A6060020BD06002094
:106F3000B4060020B3060020BE050020B5060020E0
:106F40009E050020AC050020B00500207F51010007
:106F5000C8080020284F010082010020A60500205B
:106F6000A5050020B405002042010020B80500203E
:106F70009F050020A405002010B50920C006808AC6
:106F80000121890248400921C906888214480088E5
:106F9000401C1349088008460088782810DD1148F5
:106FA0000089102108430F4908810F4800890421F6
:106FB00008430D490881C820FEF7F0FDFFF704F9EA
:106FC000FFF744F809480078022801DDFFF7FCF8D4
:106FD0000020064908700121054800F019F810BD8D
:106FE000CA0500202000004820040048CC050020ED
:106FF00000040040002904D0028880231A43028044
:1070000003E00288014B1A40028070477FFF0000B6
:10701000CA43028270470000002904D0028801237D
:107020001A43028003E00288014B1A400280704735
:10703000FEFF0000002A03D083890B43838102E016
:1070400083898B438381704700220288154B9842C5
:1070500006D001239B07984202D0134B984203D1DC
:10706000124B1A404B881A43114B984203D0114BD4
:107070001A400B891A4302804B68C3620B88038550
:10708000084B984208D00C4B984205D00B4B9842C5
:1070900002D00B4B984201D18B7A03860123838265
:1070A00070470000002C0140000400408FFF0000EA
:1070B00000100040FFFC000000400140004401407F
:1070C000004801400021C943416000210180018145
:1070D00041808172704710B5032406E0E0B20022BF
:1070E000114600F005F8601E44B2002CF6DA10BD1F
:1070F00070B505460C461646012E02D18020044389
:1071000002E06406640E00BF00BF442000F02EF8C9
:1071100000F036F8A907890FC0221143084600F095
:1071200075F8204600F072F800F046F870BD0000D7
:107130001CB50C484069012189040843094948618C
:1071400018200090012168460171032141716946B0
:107150000548FEF77FFE8F2000F008F8FFF7BBFF21
:107160001CBD0000001002400004004810B5044699
:1071700000F006F8204600F049F800F01DF810BDB8
:1071800010B50C488069102108430A4988610846F7
:10719000806908210843074988610420FEF70FFD34
:1071A0000448203000891021084302492031088119
:1071B00010BD00000004004810B5134800890821E4
:1071C0000843114908810420FEF7F9FC0E480089A4
:1071D000102108430C4908810420FEF7F0FC0A48FE
:1071E0002038806908210843074920398861042034
:1071F000FEF7E5FC04482038806910210843024965
:107200002039886110BD0000200400487CB5044688
:107210000825002629E03A48008908210843384912
:1072200008810420FEF7CBFCE007C00F002808D03F
:10723000334820388069102108433149203988615A
:1072400005E02F480089102108432D4908812C486A
:1072500020388069082108432949203988610420A1
:10726000FEF7ADFC6410681EC5B2002DD3D12448D2
:10727000008908210843224908811020009000213C
:1072800068460171C17169460920C006FEF7E2FD3A
:107290000420FEF794FC1A482038008A1021084088
:1072A0000611102000900121684601710021C17172
:1072B0000321417169460920C006FEF7CBFD002E6F
:1072C00005D00F480089102108430D49088104208A
:1072D000FEF775FC0A4820388069082108430849F0
:1072E000203988610420FEF76AFC054800890821DE
:1072F0000843034908810420FEF761FC30467CBD49
:10730000200400488100064A89180968054A11408E
:10731000054A11438200024BD218116070470000E9
:10732000005C00408F8F000080C000008100064A92
:1073300089180968054A1140054A11438200024B29
:10734000D218116070470000005C00408F8F000071
:10735000C080000010B528480078002802D1012024
:10736000254908700020254908702548006820211B
:107370000840002835D0224800F0D8F8C4B221488F
:107380002149096844542048008881B2204605F00C
:1073900055FF1D480068401C1B4908601B481C49DC
:1073A000097844541A480078401C19490870084666
:1073B0000078022815D1154800784F280AD11348C3
:1073C00040784B2806D1012012490870002010494E
:1073D000087006E00D4840780C49087001200C49FF
:1073E000087009480068FF219131884202D90020C5
:1073F0000549086010BD0000B4060020BE0500204D
:1074000000440040FC0E0020C4050020BF05002001
:10741000C8050020B2060020002904D0026801231C
:107420001A43026003E0026852085200026070478B
:1074300002460020D3690B40002B01D0012000E060
:1074400000207047F0B58BB004460D4600270020A1
:107450000A900026206840084000206066680321EA
:107460000903304688430646A868064366602668D6
:107470002A480640E96868680843296908430643C2
:107480002660A668032109023046884306466869DB
:107490000643A66001A8FEF7F9FE2148844202D106
:1074A00007980A9007E01F48844202D108980A9082
:1074B00001E003980A9020680121C90308400028D0
:1074C0000CD029680A9A5000FCF7B8FE07462968D4
:1074D0000A9A5000FCF7B2FE0E4609E029680A98A5
:1074E000FCF7ACFE074629680A98FCF7A7FE0E4693
:1074F00028684008B04200D87F1C20680121C903D9
:107500000840002806D03807460F3846064908408C
:1075100030430746A7810BB0F0BD0000F3E9FFFF41
:107520000038014000440040F0FF00000146888C14
:10753000C005C00D7047CA05D20D0285704770B5F1
:1075400004460D46C020005929464268204690470F
:10755000002070BD70B504460D46A078022802D008
:10756000032810D100E000BF688801280AD100205C
:10757000A060C020005929468268204690472046D6
:1075800000F05BF804E02946204600F01DF800BF3B
:1075900000BF70BDF8B506460C46154600272B46C1
:1075A000224600213046FEF79BF93846F8BDF8B573
:1075B00006460C46154600272B462246002130463B
:1075C000FEF736FA3846F8BD70B504460D46002180
:1075D0002046FEF7E5F970BDF8B504460E4615469F
:1075E0000027902005518C200551032060702B4608
:1075F000324600212046FEF773F93846F8BD70B5D3
:10760000044600250520607000231A4619462046CE
:10761000FEF766F9284670BDF8B504460E461546D5
:1076200000272564E563022060702B463246002166
:107630002046FEF7FDF93846F8BD70B50446002532
:107640000420607000231A4619462046FEF7F0F920
:10765000284670BD70B505460E46002E4AD12C4610
:1076600020346878022835D1E168E06988420AD977
:10767000E168E069401AE061A08B82B22846216986
:10768000FFF795FF44E0E168206AFCF7D7FD002989
:107690000FD1E168206A88420BD3616A206A884270
:1076A00007D2002211462846FFF781FF00206062C2
:1076B0002EE0C0204059C068002807D0A8780328D1
:1076C00004D1C0204059C168284688472846FFF7A2
:1076D00096FF1DE0687804281AD10E48006800283B
:1076E00016D00C4801782846FEF734F900200949E5
:1076F00008600DE0C02040594069002808D0A878F3
:10770000032805D1C0204059314642692846904798
:10771000002070BD0001002070B505460E46002E09
:107720002AD12C4670346878032833D1E168E069A7
:10773000884210D9E168E069401AE061E368E069D5
:10774000984201D2E06900E0E06882B228462169EF
:10775000FFF720FF1EE0C02040590069002807D035
:10776000A878032804D1C0204059016928468847D9
:107770002846FFF762FF0DE0C020405980690028CD
:1077800008D0A878032805D1C02040593146826925
:1077900028469047002070BD01460020704738B54C
:1077A00004460D4600200090E888012804D02946B0
:1077B0002046FFF709FF17E0A078022802D003282F
:1077C0000CD105E0012269462046FFF725FF0AE0BB
:1077D000012221462046FFF71FFF04E029462046EC
:1077E000FFF7F2FE00BF00BF38BDF8B504460E46F5
:1077F00070880012030000F01BFE086505121C656E
:10780000655B6065207CC82109590A686946904714
:107810000546F088402801D10820009057E0207CE0
:10782000C02109590A6A694690470546CC210D5185
:107830004DE0B078030000F0FBFD06040C141C249E
:107840002C34207CC82109594A686946904705466E
:107850002CE0207CC82109598A6869469047054672
:1078600024E0207CC8210959CA686946904705462A
:107870001CE0207CC82109590A69694690470546E1
:1078800014E0207CC82109594A6969469047054699
:107890000CE0207CC82109598A6969469047054651
:1078A00004E031462046FFF78FFEF8BD00BF0EE032
:1078B00031462046FFF788FEF7E731462046FFF7BE
:1078C00083FEF2E731462046FFF77EFEEDE700BF7C
:1078D00068460088002812D0F08800280FD0F08871
:1078E00069460988884202DD6846008800E0F08821
:1078F000009069460A8829462046FFF78DFE00BFA2
:10790000D3E70146002002E0421CD0B2491C0A78AD
:10791000002AF9D1704738B504460D460020009082
:10792000A078022802D0032810D100E000BF012077
:107930000090A068002803D002210098084300901E
:10794000022269462046FFF767FE04E029462046EA
:10795000FFF73AFE00BF00BF38BDF8B504460D463C
:1079600017460026002C1ED02046FFF7CAFF400015
:10797000801C38803A783046711CCEB22A540322DB
:107980003046711CCEB22A540AE022783046711C6F
:10799000CEB22A54641C00223046711CCEB22A5446
:1079A00020780028F1D1F8BD0246012902D101203A
:1079B000014B18700020704740010020F8B50646C2
:1079C0000F460025012057490870002056490870CD
:1079D00056480068401C55490860554840793A2887
:1079E00015D172B6FEF78EFDFEF7E6F95149524801
:1079F000FEF7ACF9FEF7A0F900BFBFF34F8F4F4879
:107A00004F49C860BFF34F8F00BF00BFFEE74D482E
:107A10000078002807D00120400302F087FC0020F6
:107A20004849087006E00120400302F079FC01207B
:107A3000444908703E480079742812D13C48807946
:107A400041490880002505E03949E81D085C3F49A7
:107A500048556D1C3C4800888542F5DB01203C49B7
:107A6000087033480079752802D10120394908701F
:107A70002F480079762812D12D4880793249088024
:107A8000002505E02A49E81D085C304948556D1C71
:107A90002D4800888542F5DB0120234908702448E1
:107AA0000079992821D12448001D00F0D3FF044615
:107AB0009920294908718C712004000EC871200298
:107AC000000E0872200E48721B48083000F0C2FFFA
:107AD000044621498C722004000EC8722002000E58
:107AE0000873200E487300F0EFFD4023104A8121F7
:107AF0003046FDF7F5FE0120400302F011FC14486A
:107B0000007800280CD113480078002808D10648D6
:107B10000078002804D10349087001200249087048
:107B20000020F8BDBE060020B60600203406002066
:107B30003C14002077077077003800080400FA052D
:107B400000ED00E0F4050020F0050020480C0020C6
:107B5000800100207D010020B809002070B5044696
:107B60000D4681212046FDF795FD01212046FDF7B8
:107B700091FD002070BD014600207047024629207B
:107B80000880014870470000E4F1000870B5044621
:107B90000D46FF235133002281212046FDF7C0FF0F
:107BA000FF236133002201212046FDF7B9FF0323A3
:107BB000402281212046FDF7EEFD032340220121D2
:107BC0002046FDF7E8FD4023034A01212046FDF74A
:107BD00087FE002070BD00003C14002070B50646F2
:107BE0000C461546B078032805D12B462246812144
:107BF0003046FDF71DFF002070BD0000F8B50546BA
:107C00000C460026002700200090207860210840C4
:107C1000002836D0202868D16078801E030000F04C
:107C200007FC0A150A28282828281B100628A078EF
:107C30002F49086023E001222D492846FFF7ECFC7C
:107C40001DE0608800122B49086018E001222949D4
:107C50002846FFF7E1FC12E0012027490870A078D0
:107C600026490870A679324625492846FFF7B4FC14
:107C700005E021462846FFF7A7FC0220F8BD00BF1B
:107C800033E06078062804D00A2823D00B282BD1B3
:107C900026E060880012222809D1E088322801DD20
:107CA000322000E0E0880746164800900CE060882B
:107CB0000012212808D114480090E088092801DD2D
:107CC000092000E0E08807463A4628460099FFF779
:107CD000A3FC09E001220D492846FFF79DFC03E0C3
:107CE000A0780A49086000BF00BF00BF0020C5E7B8
:107CF00024060020280600201D0600201C06002067
:107D00003C1400200DF20008F6F1000820060020C7
:107D1000F8B504460D4616461F46204600F0CEFA3A
:107D20002046FFF739FDC0200651C4200751C82066
:107D30000551FEF755F92046FDF7D4FEC421095937
:107D400008688047204600F0ADFA2046FDF796FC13
:107D5000F8BD027E0A70427E4A70837EC27E1202A5
:107D60009A184A80037F427F12029A188A80837F82
:107D7000C27F12029A18CA80CB88436401224270E3
:107D8000704710B504464023002211462046FDF7F7
:107D9000C7FE8023002219462046FDF7C1FE0023BE
:107DA000402219462046FDF7F6FC002340228021A0
:107DB0002046FDF7F0FC0120A070207CC42212595F
:107DC00051688847002010BD10B50446C4210959E8
:107DD00008698047E078A070002010BD10B5044607
:107DE000C0200059C069002804D0C0200059C169D2
:107DF00020468847002010BD70B504460D46A8886F
:107E000000281BD1E888002818D1A8784606760EED
:107E1000A078032804D129462046FFF7D5FB11E0BE
:107E20002671094806602046FFF707FC002E02D0A5
:107E30000220A07006E00120A07003E02946204641
:107E4000FFF7C2FB70BD00000001002070B50446C2
:107E50000D46C02000592946026820469047C4219B
:107E6000095988688047002070BD000070B504463D
:107E70000D46A8782C49087008460078012804DDD2
:107E800029462046FFF7A0FB4CE0A078022802D04C
:107E9000032841D115E02448007800280DD022485D
:107EA000007820700320A0701F4801782046FFF75B
:107EB000CDFF2046FFF7C1FB02E02046FFF7BDFBE8
:107EC0002FE01948007800280DD10220A070164834
:107ED00000782070144801782046FFF730FB2046D8
:107EE000FFF7ABFB17E020780F49097888420FD0E5
:107EF00021782046FFF723FB0B48007820700A48C2
:107F000001782046FFF7A2FF2046FFF796FB02E02C
:107F10002046FFF792FB04E029462046FFF754FB7A
:107F200000BF00BF70BD00000401002070B5044612
:107F30000D466888012809D1A060C0200059294653
:107F40008268204690472046FFF777FB70BD1CB53E
:107F5000044669462046FFF7FCFE68460078C006E6
:107F6000C00E002804D0012807D002280FD109E054
:107F70006946204600F017F812E06946204600F0F6
:107F8000F5F80DE06946204600F046F808E068463E
:107F900000788022104001462046FDF701FD00BF19
:107FA00000BF00201CBD70B505460C460026607859
:107FB000030000F03DFA0A1A24291F290B0629158F
:107FC000102921462846FFF710FC22E021462846CA
:107FD000FFF712FF1DE021462846FFF747FF18E094
:107FE00021462846FFF7DBFB13E021462846FFF732
:107FF00092FC0EE021462846FFF798FF09E0214653
:108000002846FFF7A7FA04E021462846FFF7DCFAE6
:1080100000BF00BF304670BDF8B505460E460020D3
:108020000090002734797078002859D001282CD08E
:10803000032875D1A878022802D003281ED108E0B1
:10804000002C05D0802C03D021462846FDF7A8FC43
:1080500019E07088002807D1002C05D0802C03D0AF
:1080600021462846FDF79CFCC020405931468268D5
:10807000284690472846FFF7E0FA04E031462846B4
:10808000FFF7A2FA00BF00BF6DE0A878022802D077
:1080900003281ED108E0002C05D0802C03D02146F7
:1080A0002846FDF77DFC19E07088002807D1002CD8
:1080B00005D0802C03D021462846FDF73FFBC02089
:1080C000405931468268284690472846FFF7B5FA5E
:1080D00004E031462846FFF777FA00BF00BF42E0D0
:1080E000A878022802D0032835D108E0002C05D05A
:1080F000802C03D021462846FDF752FC30E080203A
:108100002040802810D16006400E2821484329468F
:10811000203140188078002803D00120009014E01E
:1081200020E00020009010E08020204000280CD1AA
:10813000282060432946703140188078002802D0FA
:108140000120009001E000200090022269462846AC
:10815000FFF762FA04E031462846FFF735FA00BF20
:1081600000BF00E000BF00BF3846F8BD70B5044650
:108170000D460026A078032817D1287901280FDCA6
:10818000C020005929468268204690470646E88864
:10819000002809D1002E07D12046FFF74EFA03E050
:1081A00029462046FFF710FA04E029462046FFF74B
:1081B0000BFA00BF00BF304670BD10B50446A07872
:1081C000E0700420A070C4210959C86880470020CD
:1081D00010BD000070B505460C462246024903A0BA
:1081E000FFF7BBFB004870BDF8060020484944205B
:1081F000436F6E66696700007047000002461220F8
:1082000008800148704700003FF20008704770473F
:108210007047704770B505460C462246024903A0D8
:10822000FFF79BFB004870BDF8060020484944203A
:10823000496E746572666163650000000246042041
:1082400008800148704700005BF2000870B50546E1
:108250000C462246024903A0FFF77FFB004870BD91
:10826000F8060020534D4152545F5445524D4F0083
:1082700070B505460C462246024903A0FFF76DFB88
:10828000004870BDF8060020437573746F6D204878
:108290004944000002461A20088001487047000047
:1082A0005406002038B504461F216846017000219D
:1082B000417001218170FDF713FF38BD10B50446F0
:1082C0000121C805FDF7B2FF8020FEF70DF910BDB2
:1082D00010B500F001F810BD08B5002100913F482D
:1082E000406881B20091684600880121C9030840B6
:1082F0003B4909680840002801D0FCF7DFFF6846C9
:108300000088012189020840354909680840002891
:108310000BD034483149486033480068016933481C
:10832000884700213148FDF715FB68460088012188
:10833000490308402A4909680840002802D02C480F
:1083400026494860684600880121090308402449FD
:108350000968084000280AD0264820494860224879
:1083600000688169214888470020FEF7D7F86846F1
:1083700000880121C90208401949096808400028FD
:1083800009D01D48154948601748006841691748D9
:108390008847FEF7A7FB684600880121490208408C
:1083A0000F4909680840002807D014480B49486065
:1083B0000D480068C1680D48884768460088FF215D
:1083C00001310840064909680840002805D00C48DA
:1083D000024948600720FEF7A1F808BD405C004054
:1083E000D4000020FFFB0000FC0000200C0E002049
:1083F000FFDF0000FFEF0000FFF70000FFFD0000BF
:10840000FFFE0000F8B5571C7F100097074FCD19ED
:10841000009B08E00478401C07783E0226432E802B
:10842000AD1C401C5B1E002BF4D1F8BD0060004069
:1084300030B47446641E2578641CAB4204D3635D7B
:108440005B00E31830BC18471D46F8E74900CA0234
:108450000243100000D004204A0D01D00122104335
:10846000044A490D914201D102210843012800D15B
:1084700005207047FF070000F8B504464F1EC800EE
:108480000838211815461E46086849683A460623EA
:108490009A4310D02A463346FCF7D6FB3A46D20020
:1084A000083AA3181A687F1E5B68FCF7F3F80622E7
:1084B0003B469343EED1022F23D0042F11D0062F39
:1084C0002FD12A463346FCF7BFFBE36AA26AFCF7CA
:1084D000E1F82A463346FCF7B7FB636A226AFCF7E9
:1084E000D9F82A463346FCF7AFFBE369A269FCF7EB
:1084F000D1F82A463346FCF7A7FB63692269FCF7EB
:10850000C9F82A463346FCF79FFBE368A268FCF7EC
:10851000C1F82A463346FCF797FB63682268FCF7EC
:10852000B9F8F8BD002210B5134610460149FCF712
:10853000E1F810BD0000F03F10B5FCF7ABF810BD3E
:10854000002210B5134610461146FCF7D3F810BDB3
:1085500010B50721024A00200907FCF7EDFC10BD09
:1085600001030000034A10B500201107FCF7E4FCEA
:1085700010BD000001FDFFFFF8B507460C4625467B
:1085800010E00A213846FBF759FE0E460A2138460C
:10859000FBF754FE074630463030C1B2681E044A2D
:1085A0001154C5B2002DECDC002001490855F8BD7E
:1085B0002810002010B5002418E00FA0FEF7BAF82C
:1085C0000EA0FEF7B7F86420FDF7E8FA601CC4B20D
:1085D000142C0BDD0AA000F0D9FF04F0FBFF01F022
:1085E000EFF87D20C000FDF7D9FA03E006F080FC2B
:1085F0000028E2D000BF10BD415400000D0A000069
:1086000066756E6320636865636B5F4553502C200D
:108610007761697420616E7377657220666F72206E
:10862000636F6D6D616E64204F4B2E2E2E00000027
:1086300001460120044A525C002A03D10122024B68
:108640005A54002070470000CC16002030B587B087
:1086500004460D4601950020029003900490069078
:108660000C20059001A92046FDF7D2FF00216846A5
:10867000417001218170002C0ED11B2069460870C9
:108680006846FDF72DFD0E480068202108430C497F
:1086900008601B20FDF710FD012C0ED11C2069463F
:1086A00008706846FDF71CFD064800682021084355
:1086B000044908601C20FDF7FFFC07B030BD000036
:1086C000003801400044004010B502200D490870F8
:1086D0000D48807888700C48407948710B480078C4
:1086E00000280AD00A488078032806D1402208488A
:1086F000FFF774FA0020054908703F210148FBF795
:1087000099FD10BDB80900203C1400204001002054
:108710000C0E002070B54520514908705A20487051
:10872000412088705020C870002406E04D48015D4B
:108730004B4A201D1154601C84B2062CF6DB002429
:1087400008E048485E38015D454A20461330115420
:10875000601C84B20C2CF4DB33204149C8724248BF
:10876000007808733F495E39488E7D21C900FBF7C8
:108770006FFD30303A49C8773A495E39488E6421F6
:10878000FBF766FD06460A21FBF762FD30313448EF
:108790002030017033495E39488E0A21FBF758FDBD
:1087A00006460A21FBF754FD30312D482030417038
:1087B0002C495E39488E0A21FBF74AFD30312848A2
:1087C00020308170042408E02548005D7F2802DD08
:1087D0002D2023490855601C84B2402CF4DB002472
:1087E00007E02248015D1E4A204640301154601CBB
:1087F00084B23C2CF5DB7B211948FCF7FBFE0546D7
:108800001A48203005772846FF2109020840010A4E
:1088100016482030417700241BE01448005D7F2873
:108820000BDD7F210E4A2046803011540F48005D39
:10883000014020464030115409E00021084A2046FA
:10884000803011540948015D204640301154601CAD
:1088500084B2402CE1DBC0200549088070BD0000D7
:10886000880B0020DE1400209C06002078090020E0
:10887000F005002070B50646012E06D0022E06D067
:10888000032E06D0042E08D105E01C4C05E01C4C3C
:1088900003E01C4C01E01C4C00BF00BF002506E0BB
:1088A000615D00222846FEF723FC681CC5B2042D3A
:1088B000F6DBA17801220220FEF71AFC7D20C00021
:1088C000FDF76CF9002211461046FEF711FC012558
:1088D00007E0681E215C00222846FEF709FC681CA0
:1088E000C5B2042DF5DBA17801220320FEF700FCC0
:1088F0007D20C000FDF752F970BD0000A2F1000814
:10890000A6F10008AAF10008AEF10008F8B5064685
:108910000C460A212046FBF79BFC3849095C684657
:1089200081700A212046FBF793FC3448415C68467D
:10893000C1703300FFF77CFD0954060C12181E2687
:108940002E4054007721684601700021417047E0B5
:108950003D21684601707721417041E07C216846E5
:108960000170002141703BE03D21684601707C218F
:10897000417035E03F21684601707121417000214E
:1089800081702DE039216846017038214170002145
:10899000817025E07C216846017000214170012C26
:1089A00004D15C2181705421C17004E05C216846CF
:1089B0008170F121C17013E0762069460870332C74
:1089C00002D10E4840784870552C03D10B4880786E
:1089D000694648705C21684681705421C17000BFAF
:1089E00000BF002507E06846415D00222846FEF7EB
:1089F0007FFB681CC5B2042DF5DBF8BD98F10008BB
:108A0000F0B502460B460026581E84B218E000213D
:108A100012E04800105A4F1C7F00D75BB84209DDB6
:108A20004800155A481C4000105A4F00D053481CAB
:108A300040001552481C81B2A142EADB601E84B29C
:108A4000002CE4DC1846DF0F3F187F107F00D65B58
:108A50003046F0BD0146086870470000F0B58BB0A5
:108A600004460D4600200490002213462046294665
:108A700006F05EFB02D22B20039013E00022134687
:108A80002046294606F022FB0AD22D200390002220
:108A90005C4B20462946FCF7D7F804460D4601E01A
:108AA0005F2003905849039808700022134620461F
:108AB000294606F0D9FA7DD020462946FCF73EF833
:108AC0000290029800284FD00A210298FBF7C0FBC1
:108AD000CFB2002F01D00120059064210298FBF74E
:108AE000B7FB01910A210198FBF7B2FBC0B20990D4
:108AF0000998002801D00220059020462946FCF75D
:108B00001DF8029064210298FBF7A2FBC0B2089006
:108B10000898002801D0032005900598012804D06A
:108B200002280BD003281ED111E0302036494870AE
:108B30003818887004260220059014E00998303017
:108B40003149487038463030887004260BE0089868
:108B500030302D49487009983030887038463030B0
:108B6000C870052600BF0AE02748007826494870EB
:108B70005F200870302088700426022005900022B3
:108B8000224B20462946FCF75FF801910090FBF745
:108B9000D5FF029064210298FBF75AFB02912E2127
:108BA000701E194A11540A210298FBF751FBC8B2F2
:108BB000079000E012E0029A0799501A0A21FBF789
:108BC00047FBC0B20690069830300F498855079889
:108BD0003030C1B20C4A701C11540BE05F200A49BE
:108BE0004870302088702E20C8703020087148717D
:108BF000022005900598001DC0B2049004980BB0A7
:108C0000F0BD00000000F0BFA806002000005940A1
:108C100010B51548007B642148431349098A401860
:108C200084B21148007B642148430F490989884276
:108C30000ADD0D49487B01220C49097800F0DEF974
:108C400001200B4908700DE007480089A04209DDAA
:108C50000549487B00220549097800F0CFF900203A
:108C60000349087010BD0000C80800207C010020E6
:108C700085010020F0B5A5B0462400210120800721
:108C8000FEF7CAF9CD48C078CD490876CB480079BF
:108C900048760846407E122830D0802512E0C7482A
:108CA0004038405D7F280BD128464038C3494039C1
:108CB000085C8030C1B228464038C04A403A11545E
:108CC000681CC5B2C02DEADB7B21BC484038FCF7EC
:108CD00091FC0646B9482030007FB8492031497FD1
:108CE00009020843B5492031897F09040843B34983
:108CF0002031C97F0906084307462CE0002507E01C
:108D0000281DAE494039085C01A94855681CC5B208
:108D1000342DF5DB342508E028461130A7494039C9
:108D2000085C01A94855681CC5B28E2DF4DB8E2164
:108D300001A8FCF75FFC86B2A0484030C77F01461F
:108D40002031097809020F437006400E7104490E64
:108D50000902084306469A48407E24287ED0984857
:108D6000407E1128FAD09648407E1228F6D09348CB
:108D70004038005D92490860601CC4B28F4840389A
:108D8000005D0002096808438D490860601CC4B298
:108D90008A484038005D0004096808438849086033
:108DA000601CC4B285484038005D4860601CC4B295
:108DB00082484038005D00024968084380494860A5
:108DC000601CC4B27D484038005D00044968084317
:108DD0007B494860601CC4B278484038005D087226
:108DE000601CC4B275484038005D4872601CC4B253
:108DF00072484038005D8872601CC4B26F484038C9
:108E0000005DC860601CC4B26C484038005D000260
:108E1000C96808436A49C860601CC4B267484038E2
:108E2000005D0004C96808436549C860601CC4B29D
:108E300062484038005D0882601CC4B25F48403818
:108E4000005D0002098A08435D490882601CC4B2C3
:108E50005A484038005D8874601C00E044E0C4B2A9
:108E600056484038005DC874601CC4B2534840384E
:108E7000005D0875601CC4B250484038015D504820
:108E80004175601CC4B24D484038015D4C48817545
:108E9000601CC4B249484038015D4948C175601C36
:108EA000C4B246484038005D45494883601CC4B29E
:108EB00042484038005D0002498B084340494883DE
:108EC000601CC4B23D484038005D0877601CC4B2E5
:108ED0003A484038005D4877601CC4B23748403893
:108EE000005D8877601CC4B2BE4229D13448007E40
:108EF00034490978884219D04D20334988700120BF
:108F0000324908702E48C07C314908802C48C0681E
:108F1000304908602A48007E2A4908702848407E67
:108F2000112806D100202C49087002E0582026495B
:108F300088702348007E294908752148407E48757D
:108F40005020FCF72BFE1E48417E25A005F09CFA20
:108F50005020FCF723FE1A48017E24A005F094FA65
:108F60001948203006763004010E1748203041762B
:108F70003002010E144820308176310EC1760F4840
:108F80002030017F1048203001770C482030417F8D
:108F90000D482030417709482030817F0A48203031
:108FA000817706482030C17F07482030C1770121F2
:108FB0008807FEF731F825B0F0BD0000780A0020E0
:108FC000DC0E00202D060020780900208101002001
:108FD0004A010020AC050020B6060020C808002089
:108FE000436F6D6D616E643A20000000436F756ED3
:108FF0007420636F6D6D616E643A200010B5002AB5
:1090000028D0002911D1552808D10923DB069B69F6
:10901000102423430924E406A36117E0224B9B6933
:1090200004242343204CA36110E0552806D11F4B94
:109030001B89102423431D4C238107E01A4B203346
:109040001B8904242343184C203423815523184CB6
:10905000637127E0002911D1552806D1134B1B89D4
:1090600010242343114C238119E00F4B20331B891B
:10907000042423430C4C2034238110E0552808D1CC
:109080000923DB069B69102423430924E406A3611A
:1090900005E0054B9B6904242343034CA361332360
:1090A000034C637110BD000000040048200000481C
:1090B000C808002010B53E48807B552877D13D4830
:1090C0000078002873D13C4800683C490968884210
:1090D00013D93B48006838490968884209D23848A2
:1090E000006836490968884203D90120354908706B
:1090F00016E000203349087012E0314800682E491C
:109100000968884209D92E4800682C4909688842B4
:1091100003D200202B49087002E001202949087081
:109120002848007800281AD0274800682249096892
:10913000884209D22448006820490968884203D936
:1091400001202249087024E01948007B1849897CD5
:10915000401A1749087302201C49087019E01A4880
:10916000006815490968884210D2174800681349F9
:10917000096888420AD90E48007B0D49897C40184D
:109180000B49087303201149087002E004200F49BD
:109190000870012007490870400301F0C7F87D20DE
:1091A000C000FCF7FBFC0120400301F0B9F810BD42
:1091B000C80800207E010020B8050020B40500206A
:1091C000AC0500207F010020740100204301002035
:1091D000002005E00449095C8200044B9950401CC2
:1091E0001428F7DB70470000F8090020F008002081
:1091F00070B505460024DB48008A80210840C01174
:10920000002806D0D748008A4900084000120028EC
:1092100002D10020D44908802B00FFF709F9093654
:10922000063772A2D2FDFCFB3600D048047BCD4845
:10923000008AFF2101310840001200280AD1C948E4
:10924000008A80210840C011002803D0012C01DDD4
:10925000601EC4B2C348008A80210840C0110028A3
:109260000AD1C048008A490008400012002803D0F3
:10927000322C01DA601CC4B2BC48007BA04202D090
:109280000120BB490870B948047362E1B749088AF4
:109290006421FAF7DDFFC4B2B248008AFF21013130
:1092A0000840001200280AD1AE48008A80210840F8
:1092B000C011002803D0012C01DD601EC4B2A948F2
:1092C000008A80210840C01100280AD1A548008AE0
:1092D000490008400012002803D0322C01DA601C3B
:1092E000C4B2A249088A6421FAF7B2FFC0B2A04210
:1092F00002D001209E490870642060439B49088287
:1093000027E164219B480088FAF7A2FFC4B2954880
:10931000008AFF2101310840001200280AD191483B
:10932000008A80210840C011002803D0012C01DDF3
:10933000601EC4B28B48008A80210840C0110028FA
:109340000AD18848008A490008400012002803D04A
:10935000322C01DA601CC4B2642060438549088065
:10936000F7E0642184480088FAF772FFC4B27D48B0
:10937000008AFF2101310840001200280AD17948F3
:10938000008A80210840C011002803D0012C01DD93
:10939000601EC4B27348008A80210840C0110028B2
:1093A0000AD17048008A490008400012002803D002
:1093B000322C01DA601CC4B2642060436E4908801C
:1093C000C7E06E480078002801D0012400E00024A6
:1093D0006448008AFF21013108400012002806D1AC
:1093E0006048008A80210840C01100280ED15D48E5
:1093F000008AFF21013108400012002811D059488D
:10940000008A80210840C01100280AD1012C04D113
:10941000002403E071E03CE00DE001240120544908
:109420000870002C03D100205449087002E001208C
:10943000524908708DE0524804784A48008AFF215A
:1094400001310840001200280CD14648008A8021D2
:109450000840C011002805D0022C02DB601EC4B2F7
:1094600000E007243F48008A80210840C0110028FE
:109470000CD13C48008A490008400012002805D061
:10948000062C02DC601CC4B200E001243C480470DD
:109490005FE03C480078012801D1012400E000246D
:1094A0003048008AFF21013108400012002806D10F
:1094B0002C48008A80210840C01100280ED129487C
:1094C000008AFF2101310840001200280BD02548F6
:1094D000008A80210840C011002804D1012C01D14C
:1094E000002400E00124002C03D10020254908704D
:1094F00002E00120234908702BE01C48447B1948F6
:10950000008AFF21013108400012002806D11548C9
:10951000008A80210840C01100280DD11148008A1E
:1095200080210840C011002812D10E48008A49004D
:109530000840001200280BD0332C03D155200B49D2
:10954000487302E033200949487301200849087034
:1095500000BF00BF21460C480078FFF7D7F920462E
:1095600070BD000000040048A8050020C8080020C5
:10957000D205002054010020560100207C0100206B
:10958000CD05002058010020CE050020F8B5044686
:10959000002702E0781C87B2641C20780028F9D1EB
:1095A000E41B002616E0002506E021781B4AE81D92
:1095B0001154641C681C85B2392DF6DB74201749E0
:1095C000087139208871FFF77FF86420FCF7E6FA0C
:1095D000701C86B239213846FAF73AFEB042E2DC16
:1095E00039213846FAF734FE002916D0002506E066
:1095F00021780A4AE81D1154641C681C85B2392D73
:10960000F6DB74200549087139213846FAF720FE47
:10961000C8B202498871FFF757F8F8BDB8090020B1
:1096200000B587B001214802FCF710FE0020019030
:10963000694608720590039001A8FBF736FE0722E1
:1096400040210648FBF7DAFD0448FBF7EFFD012156
:109650000248FBF7DFFD07B000BD00000024014019
:1096600010B500200C49C8600846806901210843F4
:109670000949886100210948016103200002084965
:10968000086088604815C86000210720FCF760FD6D
:109690000720FCF71BFD10BD001002400000014038
:1096A000000401401CB51C484069012149040843DD
:1096B000194948611948009001216846017100214B
:1096C00081710321417169460920C006FCF7C2FB84
:1096D000E02000900321684601710121C17103213E
:1096E000417169460920C006FCF7B4FB0320000263
:1096F00000900021684601710121C171694609206D
:10970000C006FCF7A7FB0920C006806902210843B8
:109710000921C90688611CBD0010024013A4000085
:109720001CB5244840690121890408432149486146
:1097300021480090012168460171002181710121B9
:10974000C1710321417169461C48FCF783FBFF206E
:10975000C13000900021684601710121C171694644
:109760001648FCF777FB032000900321684601713F
:109770000121C1710321417169461048FCF76AFB60
:109780000E48203000890121890208430B4920310D
:109790000881084600890121490208430749203110
:1097A00008810846008920210843044920310881A6
:1097B0001CBD000000100240240600000004004808
:1097C00070B500250120CC4908700020CB490870F5
:1097D00000F024FC0020CA490860CAA0FCF7AAFFD8
:1097E000C9A0FCF7A7FF3220FCF7D8F90020C34935
:1097F0000870C4A0FCF79EFFC3A0FCF79BFF05F018
:1098000077FB002802D1BFA0FCF794FFBF48007887
:10981000112873DABEA0FCF78DFFBBA0FCF78AFF0E
:1098200005F066FB002808D1B9A0FCF783FFB6A0BD
:10983000FCF780FFB9A0FFF7A9FE3220FCF7AEF9D4
:10984000AE480078002800D101250020AB490870FF
:10985000B9A0FCF76FFF002405E0BA49085DFCF7EA
:1098600057FF601CC4B2A94800788442F5DBB6A05B
:10987000FCF760FF002406E0B2491031085DFCF7F8
:1098800047FF601CC4B2082CF6DB2220FCF740FF27
:109890009DA0FCF74FFF05F02BFB00287AD1AB48C9
:1098A0000078022812D100240DE0E1208000FCF7AE
:1098B00075F905F01DFB002803D00720A3490870A7
:1098C00003E0601CC4B20C2CEFDB00BF8B480078B7
:1098D000002869D198A0FCF72DFF002405E09949E4
:1098E000085DFCF715FF601CC4B28848007884420C
:1098F000F5DB95A0FCF71EFF002407E058E0914936
:109900001031085DFCF704FF601CC4B2082CF6DBC4
:109910002220FCF7FDFE7CA0FCF70CFF05F0E8FA26
:10992000002816D189480078022812D100240DE0C1
:10993000E1208000FCF732F905F0DAFA002803D0C4
:1099400007208249087003E0601CC4B20C2CEFDBD6
:1099500000BF7FA0FFF71AFE68480078002800D1FA
:10996000012568A0FCF7E6FE67A0FCF7E3FE0024F3
:1099700000206249087012E062A0FCF7DBFE62A0E2
:10998000FCF7D8FEC820FCF709F9601CC4B2282CEB
:1099900005DD00E008E073A0FFF7F8FD03E005F047
:1099A000A7FA0028E8D000BF3220FCF7F7F826E03D
:1099B00074A0FCF7BFFE54A0FCF7BCFE9620FCF799
:1099C000EDF87CA0FCF7B6FE4FA0FCF7B3FE00203C
:1099D0004A49087005F08CFA002808D175A0FCF7F8
:1099E000A9FE49A0FCF7A6FE4CA0FFF7CFFD322050
:1099F000FCF7D4F841480078002800D10125002068
:109A00003E4908706EA0FCF795FE3FA0FCF792FE61
:109A100005F06EFA002808D169A0FCF78BFE3AA089
:109A2000FCF788FE6AA0FFF7B1FD3220FCF7B6F81C
:109A300032480078002800D1012500202F49087005
:109A40006BA0FCF777FE30A0FCF774FE05F050FA2F
:109A5000002808D166A0FCF76DFE2BA0FCF76AFE7B
:109A600066A0FFF793FD3220FCF798F823480078B2
:109A7000002800D1012500202049087067A0FCF7CC
:109A800059FE30490C39488E04F0E2FC1EA0FCF768
:109A900051FE05F02DFA00280DD160A0FCF74AFE1A
:109AA00028490C39488E04F0D3FC17A0FCF742FE7D
:109AB0005EA0FFF76BFD3220FCF770F80F480078CE
:109AC000002800D10125002D06D160A0FFF75EFD22
:109AD00001206449087005E063A0FFF757FD0020EE
:109AE000604908700020044908700120634908702B
:109AF00063A0FCF71FFE70BDB3060020B206002075
:109B0000C4050020415400000D0A00008D0600200D
:109B100041542B43574D4F44453D310052657065CC
:109B2000617420636F6D6D616E642041542B4357E7
:109B30004D4F4445210A000041542B43574A4150A0
:109B40003D2200008C140020222C22008C060020D4
:109B50005265706561742073656E64205353494487
:109B6000210000007761697420616E73776572204F
:109B7000666F7220636F6D6D616E64204F4B2E2E89
:109B80002E00000041542B43575341505F4445463B
:109B90003D22536D6172745F486F6D655F455A2257
:109BA0002C2231323334353637383930222C352CAB
:109BB0003000000041542B43574D4F44453D320087
:109BC00041542B4349504D4F44453D300000000067
:109BD00052657065617420636F6D6D616E642041C4
:109BE000542B4349504D4F44453D30210A0000005D
:109BF00041542B4349504D55583D310052657065D5
:109C0000617420636F6D6D616E642041542B434914
:109C1000504D55583D31210A0000000041542B435E
:109C200049505345525645523D312C00526570659E
:109C3000617420636F6D6D616E642041542B4349E4
:109C4000505345525645523D31210A0053756363C6
:109C500065737320696E6974204553503832363607
:109C600021000000BC060020496E69742045535055
:109C700038323636204641494C210000B5060020D6
:109C8000415445300D0A000070B536A52846FAF754
:109C900093FA0646002405E02878364908556D1CDD
:109CA000601CC4B2B442F7D333490E7033A52846C2
:109CB000FAF782FA0646002406E029782D48223079
:109CC00001556D1C601CC4B2B442F6D32A494E70D3
:109CD0002EA52846FAF770FA0646002406E02978F1
:109CE0002448443001556D1C601CC4B2B442F6D304
:109CF00021498E7029A52846FAF75EFA0646002407
:109D000006E029781B48663001556D1C601CC4B202
:109D1000B442F6D31849CE7024A52846FAF74CFA77
:109D20000646002406E029781248883001556D1C4B
:109D3000601CC4B2B442F6D30F490E711FA5284669
:109D4000FAF73AFA0646002406E029780948AA30CC
:109D500001556D1C601CC4B2B442F6D306494E7165
:109D600070BD00000A7CD092D180D0B5D0BCD18F1C
:109D700000000000701B0020C50600207C7C7C7C5D
:109D80007CD092D0BED0B7D0B42E00007C7CD0A0C6
:109D9000D0B0D0B4D0B8D0B0D1822E007C7C7CD0F2
:109DA000A3D0BBD0B8D186D0B00000007C7CD09EC0
:109DB000D182D0BAD0BB2E32323042007C7C7CD0F3
:109DC0009DD0B0D0B3D1802E0D0A000010B5FFF7A2
:109DD00069FCFFF7A5FCFFF743FC10BDF8B507468B
:109DE0000624387D8049C870787D08713878085518
:109DF000641C388800120855641CB8780855641C27
:109E0000788800120855641C38790855641C7879E4
:109E10000855641CB8790855641C387A0855641CC8
:109E2000388900120855641CB87A0855641C788972
:109E300000120855641C387B0855641C787B085553
:109E4000641CB87B0855641C387C0855641C388A2F
:109E500000120855641CB87C0855641CF87C085531
:109E6000641CB87F0855641CF88B00120855641CEC
:109E7000387F0855641CB88B00120855641C387E66
:109E80000855641C388B0004000E0855641CB86922
:109E90000002000E0855641C544800780855641CE4
:109EA000524800880004000E0855641C4F480068A2
:109EB0000002000E0855641C4D4800780855641CCB
:109EC0004B4800880004000E0855641C4848006890
:109ED0000002000E0855641C464800780855641CB2
:109EE000444800880004000E0855641C414800687E
:109EF0000002000E0855641C3F480078002802D07C
:109F00005520085502E0332037490855641C3B486A
:109F1000007835490855641C384800880004000E54
:109F20000855641C354800680002000E0855641C82
:109F30000022334B334903C9FAF786FE0546FAF788
:109F400033FE29490855641C00222F4B2D4903C9B3
:109F5000FAF77AFE0546FAF727FE80B264210090F0
:109F6000FAF776F9C8B220490855641CB88C085530
:109F7000641CB88C00120855641CF88C0855641CCD
:109F8000F88C00120855641C642120480088FAF7F8
:109F90005FF915490855641C1D4800780855641C74
:109FA00064211C480088FAF753F90F490855641CCE
:109FB00019480078002802D00120085502E000204E
:109FC00009490855641C788C07490855641C788C2D
:109FD00000120855641C388C0855641C388C00121B
:109FE0000855641CF8BD000078090020B805002061
:109FF000B4050020740100207C010020B005002081
:10A000000000244038010020000059405601002083
:10A010005801002054010020320100204CA10020F2
:10A0200005E00B784C4A1354491C421C90B2052899
:10A03000F7DB4AA1002006E00B78474A083A1354A0
:10A04000491C421C90B20828F6DB47A1002006E01C
:10A050000B78414A08321354491C421C90B208281C
:10A06000F6DB44A1002006E00B783B4A1032135483
:10A07000491C421C90B20828F6DB41A1002006E0F2
:10A080000B78354A18321354491C421C90B20728E9
:10A09000F6DB3DA1002006E00B782F4A1F32135457
:10A0A000491C421C90B20B28F6DB3AA1002006E0C6
:10A0B0000B78294A2A321354491C421C90B20828B2
:10A0C000F6DB37A1002006E00B78234A493213540F
:10A0D000491C421C90B21128F6DB36A1002006E094
:10A0E0000B781D4A5A321354491C421C90B20B285B
:10A0F000F6DB33A1002006E00B78174A65321354D3
:10A10000491C421C90B20628F6DB2FA1002006E075
:10A110000B78114A6B321354491C421C90B206282A
:10A12000F6DB68230C4A14329377C6231E32537031
:10A130003A239370A723D3708F231371ED235371A8
:10A140000222234B1A70234A034B2C3B5A8670473A
:10A150002B4950442C000000AC14002020535441E3
:10A160005455533A00000000206275737920702E18
:10A17000000000002C434F4E4E45435400000000A9
:10A180002C434C4F5345440041542B4349505345B5
:10A190004E443D000A53454E44204F4B0000000002
:10A1A0006C696E6B206973206E6F742076616C69C8
:10A1B000640000005749464920474F542049500049
:10A1C0003A535441495000005354414D414300001B
:10A1D0008C0600206E2100000EB501210220FCF744
:10A1E00025F86846FCF76EFF08486946088008486D
:10A1F00001900848FCF728FF012211460548FCF7AA
:10A2000019FF1020FBF762FF0EBD000080BB0000AD
:10A21000E7030000000400400EB501214804FCF7EC
:10A2200015F86846FCF74EFF0C4869460880C820C0
:10A2300001900B48FCF708FF012211460848FCF783
:10A24000F9FE01211520FBF783FF1520FBF73EFFE8
:10A2500001210348FCF7E0FE0EBD00007FBB0000BB
:10A26000004401400EB501210846FBF7DFFF6846B8
:10A27000FCF728FF0A48694608800A480190012037
:10A280008007FCF7E1FE012211469007FCF7D2FEA1
:10A2900001218807FCF7AEFE0F20FBF717FF0EBD6C
:10A2A00080BB0000E703000010B50120FCF70AF9AD
:10A2B00000BF4120FCF7E2F80028FAD00648FBF77F
:10A2C000D9FE0620FBF7CAFE0448FBF7CDFEFBF7DC
:10A2D000BDFEFBF7B3FE10BD55550000FF0F00009B
:10A2E00010B500200D49086012E00120800200F046
:10A2F0001DF85020FBF752FC0120800200F010F8FE
:10A300005020FBF74BFC05480068401C03490860DF
:10A31000024800680428E8DB10BD00006801002046
:10A320000149088170470000200000480921C90642
:10A330008861704772B6E1208000FBF72FFCFBF7C5
:10A340003BFD0848FBF7B4FCFBF7F6FC62B600BF28
:10A35000BFF34F8F04480549C860BFF34F8F00BF5C
:10A3600000BFFEE7003000080400FA0500ED00E041
:10A3700088B00024002500BF07E0A000FD49401878
:10A380000068A100FC4A5050641C302CF5D3012118
:10A390000846FBF76BFF0320FCF7ACF9F74BF84AD4
:10A3A000F849F948FDF7B4FCFFF710FDFFF714FF7B
:10A3B000FFF758FFFFF778FF01208002FFF7B0FF9B
:10A3C00001204003FFF7ACFF0121F048FCF724FE19
:10A3D00001218807FCF720FE3320ED490871FFF7C3
:10A3E0001FF9E12149020120FEF730F90020E94977
:10A3F000086034E001204003FFF798FFE549096851
:10A400001422514308465030FBF7C8FB012040039B
:10A41000FFF786FFDF490968142251430846503090
:10A42000FBF7BCFB01204003FFF780FFD949096817
:10A430001422514308465030FBF7B0FB0120400383
:10A44000FFF76EFFD3490968142251430846503084
:10A45000FBF7A4FBCF480068401CCE490860CD48FC
:10A4600000680328C6DB0020CA49086034E00120E8
:10A470008002FFF75BFFC749096814225143084671
:10A480005030FBF78BFB01208002FFF749FFC149E9
:10A4900009681422514308465030FBF77FFB012026
:10A4A0008002FFF743FFBB49096814225143084665
:10A4B0005030FBF773FB01208002FFF731FFB549F5
:10A4C00009681422514308465030FBF767FBB14836
:10A4D0000068401CAF490860AE4800680328C6DB2E
:10A4E0000920C006008A01214902084040120028C4
:10A4F00003D03320A649887102E05520A449887111
:10A5000001F0C4FC01F0F0FC07E003F063F8FFF792
:10A5100057F9641C022C00D903E09F4800780028FA
:10A52000F3D000BF7D20C000FBF738FB03F052F8EA
:10A53000FFF746F97D20C000FBF730FB01F0D4FCAB
:10A54000964800689649C860FEF7B4FD00240FE005
:10A5500000250AE09349944830226243934BD21875
:10A56000EB00D218116050606D1C062DF2D3641CF4
:10A57000182CEDD3FCF7DCFDFCF7ADFD0024FFF754
:10A580004BFEFDE300BF8A48007800287ED080485B
:10A59000407D24287BD010DC202879D006DC1128CF
:10A5A00077D0122876D0192822D117E1212872D02D
:10A5B000222871D02328F7D123E1642819D006DCA2
:10A5C00039286AD0402869D04428EDD106E06728B0
:10A5D0007DD0752837D07828E6D165E075480078B9
:10A5E0006B4908730846017B0022082003F0EAF853
:10A5F00012E16B48C06869490860084600686E4906
:10A600000968884203DA654800686B4908603C21A4
:10A6100062480068F9F71CFE06905D4801880698BC
:10A62000814202D95A4906980880594841880698BB
:10A63000814202D9564906984880FEF73BFD00202A
:10A640005B490870E8E05648007A5149487354481D
:10A65000008A08820846407B098A090208430446AA
:10A6600000222146092003F0ADF84948407B3328F9
:10A6700005D15248008910210843504908814448B7
:10A68000407B55280FD14E48008908E0CCE01FE000
:10A69000ADE043E04CE0A3E0AEE02DE035E0042186
:10A6A000084347490881B7E03D48407A38498873F4
:10A6B0003B48807C88740846807B897C090208437B
:10A6C0000446002221460A2003F07CF8A4E003E0BF
:10A6D0003C4803F023F89FE0314800683A4908609D
:10A6E0002F484068394908600846026836480168C2
:10A6F0000B2003F067F88FE0012035490870002235
:10A7000039210E2003F05EF886E000203049087001
:10A71000002240210E2003F055F87DE0294803F087
:10A7200021FF00202249087001202A49087073E0A7
:10A73000002405E02349201D085C27490855641CB6
:10A74000342CF7D3002407E01E4920464530095C2D
:10A75000214A11381154641C5A2CF5D3902212212D
:10A760001D4803F08BF89620FBF718FA01F0BCFBAC
:10A7700052E00000004000080000002070060020A9
:10A78000F8050020380600200C0E002000040040D0
:10A79000C808002068010020BC060020AC0500208D
:10A7A000DC0E00208FC2F5285CFF5840F016002018
:10A7B000810100204A010020B0050020200000484F
:10A7C00020040048380A0020B8050020B405002005
:10A7D0007C01002084010020F80A0020FFF7AAFD78
:10A7E000FE48007F64214843FD49088014E0FB488F
:10A7F000408BFC4908800FE0F848407FFA49087018
:10A800000AE0F648807F012802D1F849087002E08A
:10A810000020F649087000BF00BFF548407D1128B0
:10A8200002D06420F2494875F248007800280CD024
:10A83000F0480078012802D0022802D100E000E0B0
:10A8400000BF00BF0020EB4908700920C006008A45
:10A850000121490208404012002803D03320E44976
:10A86000887102E05520E2498871E34800780028A9
:10A870007ED1DE48007800287AD1DB4800780028B5
:10A8800061D0D8480088D6490988401880B2059020
:10A89000D748808CD3490988884220DAD449487B3C
:10A8A0000122D6490978FEF7A9FBD5488069202105
:10A8B0000843D3498861D2482030008901218902A8
:10A8C0000843CF4920310881CD48806901214902E0
:10A8D0000843CB4988610120CA49087032E0C94861
:10A8E0000078002805D0C248818C0598814200DAA2
:10A8F0005DE0C5480078002808D0C14820300089B4
:10A9000020210843BE492031088106E0B849487B30
:10A910000022BA490978FEF771FBB9482030008956
:10A92000012149020843B64920310881B4488069B1
:10A93000012189020843B24988610020B1490870A9
:10A94000FEF766F932E0AE48203000890121490265
:10A950000843AB492031088108460089012189025A
:10A960000843A749203108810020A649087000E06B
:10A970000AE0A3482030008920210843A049203163
:10A980000881FEF745F911E098480078002803D1C6
:10A990009EA0FEF7FBFD02E0A5A0FEF7F7FD94499F
:10A9A000487B002295490978FEF728FB00BFFDF798
:10A9B00001FEA64800780300FDF73AFD080506569B
:10A9C0006774819293948DE00320A0490870FA2067
:10A9D000FBF7E4F89E48008804F052F99D4908808E
:10A9E00000209D4908600FE09B480068984909884D
:10A9F00040189A49095C9A48974A126881549648C7
:10AA00000068401C9449086093480068C028EBDB4C
:10AA100092488F490988405C452816D18F498C4857
:10AA20000088401C085C5A280FD189480088801C87
:10AA3000085C412809D186480088C01C085C502861
:10AA400003D183480088FEF715F98248017885A074
:10AA500003F01AFD5020FBF7A1F87D4801887D48DE
:10AA6000008802F0A5FF3DE083480078002808D167
:10AA70006420FBF793F881A0FEF788FD6420FBF7C4
:10AA80008DF801207C4908702CE07B480078002874
:10AA900004D18048017880A003F0F6FC01207649BB
:10AAA00008701FE074480078002804D179480178C4
:10AAB0007EA003F0E9FC01206F49087012E07548A0
:10AAC000017880A003F0E0FC00208449714A1278EC
:10AAD000885407205D49087001208149087001E011
:10AAE00000E000BF00BF7F480078002800D04AE5A2
:10AAF0007D48007800280BD000207B4908707BA09F
:10AB0000FBF718FE7D200001FBF748F8FEF758FE22
:10AB100079480078002810D0002404E07749085DC7
:10AB2000FBF7F6FD641C764800888442F6D375A0D6
:10AB3000FBF700FE00207049087073480078002879
:10AB400029D004F0EBF901F0A5FE7048006828490F
:10AB500088610846FFF742F9FDF7DCFD3B480078C5
:10AB6000032814D16A480078092802DD00206849CA
:10AB70000870002406E0624A1178E0B2654A01F0EC
:10AB8000A9FC641C624800788442F4D303E07D2071
:10AB9000C000FBF703F86048007800281CD05C4830
:10ABA00001785EA003F070FC1148407D342810D07D
:10ABB00060480078401C5F49087008460078042807
:10ABC00007DD0020087034200949487558205A498B
:10ABD000887000205049B1E0B1E00000DC0E002098
:10ABE00056010020540100205801002032010020AD
:10ABF000C808002042010020310100207C01002013
:10AC0000000400485901002085010020414C4152B8
:10AC10004D20426F696C657221204F7665726865C0
:10AC20006174696E672077617465722100000000AD
:10AC3000414C41524D20486561746572204F464633
:10AC400020656E61626C6564210000008C06002046
:10AC50008E0600209006002068010020FC0E0020D7
:10AC6000380A00206C656E6774685F6461746157B0
:10AC7000494649203A000000B90600204D6F64752E
:10AC80006C652057494649206973206275737921A4
:10AC9000000000009B06002045535020636F6E6E3D
:10ACA0006563742057494649203A000045535020B7
:10ACB000646973636F6E6E656374205749464920FB
:10ACC0003A000000436F6E6E656374696F6E2069B1
:10ACD00073206C6F7374212000000000CC160020DC
:10ACE000BC06002081010020BD06002041542B52EB
:10ACF00053540D0A0000000080010020480C002081
:10AD0000F00500200D0A0000B6060020AC0500206A
:10AD10009C060020880B0020BB0600204461746163
:10AD20002073756363657373207472616E736D69EC
:10AD30007421200044010020780900200870F848A0
:10AD40000078002801D000F089FAF6480078002841
:10AD500022D0002519E0002408E0392068430019BA
:10AD6000F149095CF14AE01D1154641C392CF4D3FB
:10AD70007420EE49087139208871FDF7A5FC00E0C8
:10AD80004FE26420FAF70AFF6D1C042DE3D3002084
:10AD9000E4490870FFF7A4FAE5480078002801D0DC
:10ADA000FFF7C8FAE348007800280CD0E2480078A2
:10ADB000002801D001F0C2FA0020DE49087001200D
:10ADC0004003FFF7ADFADD48007800287ED0E1218E
:10ADD0000901DB480068F9F73BFADA4908600846E0
:10ADE0000068F9F72EFFD84AD84B05910490F9F77F
:10ADF00051FC06460F46D348006830214843D449E9
:10AE00000818C0C0D3490889F9F71BFF0022D24BAC
:10AE100005910490F9F76EFCCA4A126830235A4330
:10AE2000CB4BD218D1609060CA48C07CC007C00F1D
:10AE3000002815D0C34800683021484319464018FF
:10AE4000C16880680022C54B05910490F9F7FCFEAB
:10AE5000BC4A126830235A43BD4BD218D16090606F
:10AE6000BC494889F9F7EDFE0022BB4B05910490DF
:10AE7000F9F740FCB34A126830235A43B44BD21856
:10AE800051611061B348C07C02210840002815D0F0
:10AE9000AC480068302148431946401841690069B0
:10AEA0000022AE4B05910490F9F7CEFEA54A126838
:10AEB00030235A43A64BD21851611061A549C88C62
:10AEC000F9F7BFFE0022A44B059100E07BE004905F
:10AED000F9F710FC9B4A126830235A439C4BD21856
:10AEE000D16190619B48C07C04210840002815D0A6
:10AEF000944800683021484319464018C169806968
:10AF00000022964B05910490F9F79EFE8D4A126837
:10AF100030235A438E4BD218D16190618D490888F5
:10AF20003C21F9F795F906918A4908883C21F9F7FF
:10AF30008FF90190F9F77DFE059104900698F9F7D5
:10AF400080FE0022844B01910090F9F7D3FB03911E
:10AF50000290059B049AF9F79DFB06460F46794837
:10AF60000068302148437A4941184F620E6279499E
:10AF700048883C21F9F76CF90691764948883C21CC
:10AF8000F9F766F90190F9F754FE059104900698D7
:10AF9000F9F757FE0022704B01910090F9F7AAFBD8
:10AFA00003910290059B049AF9F774FB06460F463D
:10AFB000644800683021484365494118CF628E6279
:10AFC00000205E4908705C480078002847D064483B
:10AFD000007800281CD0634800880A2806DA62A19D
:10AFE000664801F0B1FB0A205E4908805D48008890
:10AFF000401C5C49088008460088FF219131884246
:10B0000002DD00205749088000205549087002E001
:10B010000020544908805A48007800281CD059481C
:10B0200000880A2806DA58A15D4801F08DFB0A2045
:10B030005449088053480088401C524908800846FB
:10B040000088FF219131884202DD00204D490880AF
:10B0500000204B49087002E000204A49088051480E
:10B060000078002810D0504A504B514903C904F0D1
:10B070005FF81BD24F480089012108434D490881E0
:10B0800000204849087011E04B4A4C4B484903C91D
:10B0900004F01CF80AD20920C00680690121084387
:10B0A0000921C906886101203E490870264A444B9F
:10B0B0003F4903C904F03CF803D20020414908701D
:10B0C00008E001203F4908703A48008901210843FF
:10B0D000384908813C480078002801D13B49088064
:10B0E0003B4880780300FDF7A3F905899196041683
:10B0F0009B003848007800280CD0002035490870A3
:10B10000354B364A36493248FCF702FE002135A05D
:10B1100003F0BAF984E001202E49087080E00000B5
:10B12000B50600207D010020FC0E0020B80900209B
:10B13000A405002082010020B0060020A505002003
:10B14000AC0500204C010020CDCCCCCCCCCCDC3FDD
:10B15000F0160020C8080020000059400000F0BF91
:10B1600030010020500100205375626A6563743A13
:10B17000416C61726D20414952210000BCF300080E
:10B1800031010020520100205375626A6563743AF0
:10B19000416C61726D2057415445522100000000FE
:10B1A00028F4000886010020B81E85EB51B8104035
:10B1B00038010020200000489A99999999990D40EA
:10B1C000CCCC08408701002084010020CA05002063
:10B1D0000C0E00209001002070060020F8050020D1
:10B1E000380600205553425F7374617475732043B1
:10B1F0004F4E4649475552454420000001200A4918
:10B200000870002109A003F03FF909E000210DA01A
:10B2100003F03AF904E000210DA003F035F900BF76
:10B2200000BFFFF7AFF90000900100205553425FC7
:10B2300073746174757320554E434F4E4E4543549D
:10B240004544200044454641554C54200000000030
:10B2500041444452455353454420000070B50025F5
:10B2600019E0002409E03920684300192349095CEA
:10B27000234AE01D1154601C84B2392CF3DB742086
:10B280001F49087139208871FDF71EFA6420FAF70A
:10B2900085FC681C85B239211A480068F8F7CEFF92
:10B2A000A842DED8392117480068F8F7C7FF0029FF
:10B2B0001CD0002409E03920684300190F49095CBB
:10B2C0000F4AE01D1154601C84B2392CF3DB74204A
:10B2D0000B49087139210B480068F8F7AFFF08489F
:10B2E0008171FDF7F1F96420FAF758FC0020054957
:10B2F0000860054908700549087070BDFC0E002003
:10B30000B8090020C4050020B2060020B5060020C0
:10B31000FEB504460D46002213462046294603F09A
:10B32000D5FE10D2002240211046FBF7E1FE00229C
:10B33000254B20462946F9F787FC04460D46012097
:10B340002249087008E021480078002804D0FBF763
:10B35000C2FE00201D49087000221D4B20462946D0
:10B36000F9F772FC01910090F9F71EFC87B20A21EF
:10B370003846F8F76DFFCEB21648815D00220320F3
:10B38000FBF7B6FE0A213846F8F762FF87B20A21BA
:10B390003846F8F75DFFCEB20E48815D01220220EB
:10B3A000FBF7A6FE0A213846F8F752FF87B20A21BA
:10B3B0003846F8F74DFFCEB20648815D00220120E5
:10B3C000FBF796FEFEBD00000000F0BFD305002095
:10B3D0000000244098F10008F0B51FB496B08446F0
:10B3E0000C460246199D18980390490068006300B6
:10B3F000490840080193002A01D0012600E00026F8
:10B400009E19FE4BF6185B109E422BD36E00039FD5
:10B410000296002F00D00127F719F84EF84BBE19FD
:10B420009E421FD3039E0346F64F334309D03B464B
:10B430009C4201D1002A04D0019B002A05D001269C
:10B4400004E0002039461BB0F0BD00269E19EE4BEB
:10B450009E4207D8039F029E002F00D00127F619B5
:10B460009E4207D92B4660462146189AFDF764F89C
:10B470001BB0F0BD0023002C29DAE44EB04226DADE
:10B48000E34EB04201DB022321E0DE4EB0421EDB80
:10B49000E04E070DBE19142E09DD3427BF1B039E95
:10B4A000FE400196BE40039FBE420BD00FE0039FBB
:10B4B000002F0CD11427BF1B0646FE400196BE404C
:10B4C000864204D1019BDE07F60F02239B1B0E462A
:10B4D000164318D1002D16DA002C03D0022B01D010
:10B4E000012B06D00220F9F7D8FCFDF71BF81BB0A2
:10B4F000F0BD0220F9F7D1FCFDF714F80122D207C4
:10B5000051401BB0F0BD039E002E61D1BF4EB04232
:10B5100020D1C148844201D1002A08D0B9488142D3
:10B5200009DB002D10DB189829461BB0F0BD002068
:10B53000B4491BB0F0BD002D06DA01222946D2071E
:10B54000189851401BB0F0BDB44979440868496867
:10B550001BB0F0BDAB4FB84225D1002D1FDA00293A
:10B5600004D0B14212D1002A09D018E0002A72D1C9
:10B57000A649E20F0020D20711431BB0F0BD002006
:10B58000E20F0146D20711431BB0F0BDB14206DA0B
:10B59000234600203946F9F7ADF81BB0F0BD104640
:10B5A00021461BB0F0BDB14212DA0126B607B54202
:10B5B00003D1234610461946FEE3994EB54207D102
:10B5C000261E05DB1046314603F008FC1BB0F0BD1B
:10B5D00067007F081646002A40D100290AD08B4A0E
:10B5E000914229D1002C0EDD002D1CDB00201146DC
:10B5F0001BB0F0BD022B16D0002C14D0012B12D1A1
:10B60000002C14DB0FE0002C28DA002D09DB012BC5
:10B6100003D000207D491BB0F0BD002081491BB044
:10B62000F0BD012B03D0002001461BB0F0BD00206F
:10B630000121C9071BB0F0BD724A91420ED1002C06
:10B6400001DA002B17D0022B06D00020C043F9F7F7
:10B65000F0FA1BB0F0BD90E20120F8E7E217521CAF
:10B6600094461A4307D000220892664C62465B1E3D
:10B670001A4307D009E00120F9F70FFCFCF760FF3F
:10B680001BB0F0BD0022644C0892674A90427DDDF9
:10B69000664B674A98421FDD914202DC002D05DBB4
:10B6A0004DE05848814217DB002D48DD0220F9F7B4
:10B6B000F4FBFCF74DFF05460E460022534B214696
:10B6C0000898F9F7C1FA084671004908C00FC00789
:10B6D000014328461BB0F0BD914215DA002D2EDA49
:10B6E0000220F9F7DAFBFCF733FF05460E4600228D
:10B6F000464B21460898F9F7A7FA72005208C80F7E
:10B70000C0070243114617E03E4B994223DD002D4E
:10B7100015DD0220F9F7C1FBFCF71AFF05460E46BE
:10B7200000223A4B21460898F9F78EFA0846710034
:10B730004908C00FC007014328461BB0F0BD0220D6
:10B74000F9F7ABFBFCF70EFF49004908E20FD207FF
:10B7500011431BB0F0BD002230463946F8F7A7FF71
:10B76000012205460E46D243F9F7E6FB314A324B39
:10B77000F8F7A8FF2A463346F9F766FA0022284B65
:10B78000F8F7A0FF07462A46334600E064E003913D
:10B7900010461946F9F758FA3A46039BF9F754FA56
:10B7A0000746032209915207244B28463146F9F7F0
:10B7B0004BFA07910C90224A204B38460999F9F729
:10B7C00043FA074601911F4A1F4B28463146F9F7B5
:10B7D0003BFA3A46019BF8F76AFF07460B460246DA
:10B7E000099107990C98F8F755FF00250E46284651
:10B7F000079B0C9AF8F75BFF3A4627E0FFFF1F0014
:10B80000FFFF0F000000F03F0000E0FF0000F07FAE
:10B810000000404301FCFFFF0000F0BF223E00009B
:10B820000000E03F0000F0FF0000E0410000F043B6
:10B83000FFFFEF3F555555555555D53F4715F73F38
:10B84000FE822B6544DF5DF80BAE543E099BF8F792
:10B8500039FF02460B4652E1012500202D05A94281
:10B8600007DA352230463946F9F766FB06463420BA
:10B87000C0430A151218FE48101803900803FD492A
:10B88000000B01430F46FC49884201DC002003E025
:10B89000FA49884202DA0120119005E00020119057
:10B8A0000398401C7F1B039011980597C200F44831
:10B8B0000F927844801843680268394630460D93E9
:10B8C0000292F8F7F4FE07910C9030460D9B029A15
:10B8D0000599F8F7DFFE02460B460020E549F8F728
:10B8E00009FF09910490079B0C9AF9F7ADF91290A2
:10B8F00000201090E3480D46784400680E90012126
:10B9000078104907084311990D9B890440180121BB
:10B91000C90447183946029A0E98F8F7C8FE32460D
:10B92000059BF8F7CFFE02460B4629461098F9F71B
:10B930008BF9064602913B4629460E9A1098F9F774
:10B9400083F9079B0C9AF8F7BDFE3246029BF8F785
:10B95000AEFE099B049AF9F777F90591129A0A90BD
:10B960002B4610461946F9F76FF906460246C648B7
:10B970000F460B4606217844FCF77EFD32463B46D7
:10B980000091049010461946F9F75EF9009B049A5D
:10B99000F9F75AF906460F462B461946129A10989F
:10B9A000F8F778FE059B0A9AF9F74EF932463B46BE
:10B9B000F8F770FE109A079104902B46104619462E
:10B9C000F9F742F9B14E0022334609910290F8F797
:10B9D00061FE079B049AF8F75DFE002007460246C9
:10B9E00033460091F8F763FE099B029AF8F75FFE71
:10B9F000079B049AF8F766FE06460D913A462946DB
:10BA0000009B1098F9F720F907910C902B463046CF
:10BA1000129A0D99F9F718F905460E463A46009B19
:10BA200005990A98F9F710F933462A46F8F732FED5
:10BA300002460B460746099107990C98F8F72AFE2B
:10BA400000250E462846079B0C9AF8F730FE3A462A
:10BA5000099BF8F737FE07460722099152078C4BDE
:10BA600031462846F9F7F0F807910090894A884B4B
:10BA700038460999F9F7E8F807460191864A874B55
:10BA800031462846F9F7E0F83A46019BF8F702FEFE
:10BA9000834B7B440F9A9B181A685B68F8F7FAFD92
:10BAA000029009910398F9F7C4F805910490099B55
:10BAB000029A07990098F8F7EDFD7A4B7B440F9AAC
:10BAC0009B181A685B6817460393F8F7E3FD059B1C
:10BAD000049AF8F7DFFD0E462846059B049AF8F70E
:10BAE000E6FD3A46039BF8F7E2FD079B009AF8F75C
:10BAF000DEFD099B029AF8F7E5FD02460B4619990F
:10BB000000200C900F461898F9F79EF802910490C7
:10BB10003B460C9A19991898F8F7C9FD2A463346FE
:10BB2000F9F792F8029B049AF8F7B4FD09910E9088
:10BB30002A46334639460C98F9F786F806460F46EA
:10BB4000099B0E9AF8F7A6FD574A0D46914220DB55
:10BB50005242AA18024310D132463B46F8F7A7FDDD
:10BB600004900391514A524B09990E98F8F792FDAF
:10BB7000039B049A03F0DCFA1ED20220F9F78DF938
:10BB8000FCF7E6FC49004908E20FD20711431BB05D
:10BB9000F0BD6A00474B52089A420DD3464AAA1894
:10BBA000024300D0CBE532463B46F8F780FD099BC7
:10BBB0000E9A03F0BDFAF5D96800002340082C491D
:10BBC0000393020D3D4B5218984223DD01200005DE
:10BBD000521CD04042195000400D40183849794459
:10BBE000096813468C463749C1408B431203012133
:10BBF000120B090551181422101AC1400391002D8F
:10BC000001DA48420390624630463946F8F74FFD64
:10BC100006460F4632463B4609990E98F8F73AFD1C
:10BC200000252A46284B28460591F9F70DF807917B
:10BC30000C90264A264B28460599F9F705F80091FD
:10BC4000029032463B4628460599F8F730FD099B9D
:10BC50000E9AF8F737FD1F4A1F4BF8F7F5FF009BC8
:10BC6000029AF8F717FD07460B460246099135E0A0
:10BC700001FCFFFF0000F03F8E9803007AB60B0036
:10BC8000323A0000743A00009E390000000008407B
:10BC900009C7EE3FFD033ADCF5015B14E02F3EBE21
:10BCA000723800003838000000009040FE822B659A
:10BCB0004715973C00CC904000346F3F0000E03FB8
:10BCC0008E370000FFFF0F00432EE63F396CA80CB3
:10BCD000615C20BEEF39FAFE422EE63F07990C98D0
:10BCE000F8F7D8FC05460E46079B0C9AF8F7DFFCE0
:10BCF0003A46099BF8F7E6FC09912A4633460E902E
:10BD000010461946F8F7A0FF074602462F480B4693
:10BD1000059105217844FCF7AFFB3A46059BF8F7FF
:10BD200093FF2A463346F8F7CDFC07460191284693
:10BD30003146099B0E9AF8F787FF099B0E9AF8F790
:10BD4000A9FC012304910C9000229B07384601991D
:10BD5000F8F7ADFC05910E903A4628463146019B16
:10BD6000F8F772FF059B0E9AF8F7C4FC049B0C9A37
:10BD7000F8F79DFC2A463346F8F799FC0022144B4D
:10BD8000F8F7A0FC064603980D4600054119091571
:10BD9000002912DC30462946039AF9F7CDF8FCF762
:10BDA00055FB042801D1FCF7DDFB30462946039AF8
:10BDB000F9F7C2F8064601E004E029180B463246BE
:10BDC00021460898F8F740FF1BB0F0BD3036000060
:10BDD0000000F03F70B50024002500201A490870CB
:10BDE0001AA0FAF7A7FC1BA0FAF7A4FC7D20C0005C
:10BDF000F9F7D4FE0AE06420F9F7D0FE601C84B2A3
:10BE0000822C03DD14A0FDF7C1FB03E00E4800788F
:10BE10000028F0D000BF0C480578002D03D0E1B217
:10BE200012A002F031FB0020074908701548F9F70D
:10BE3000B5FE15A0FAF77EFC06A0FAF77BFC3220CF
:10BE4000F9F7ACFE284670BDBA06002041542B52CB
:10BE5000535400000D0A00004950206164722064B0
:10BE60006964206E6F7420676574210049502061F9
:10BE7000647220676F742073756363657373212028
:10BE800000000000DC05000041540000F8B500206F
:10BE9000009000241249009847183846FCF7DAFD54
:10BEA000401C002801D101F0D9FB002613E038190D
:10BEB000FCF7D0FD05460B490D552804010E601C0A
:10BEC000084A11542802010EA01C1154290EE01C2E
:10BED0001154241D761C052EE9DBFDF779F9F8BD18
:10BEE00000300008F8090020F8B500232020009059
:10BEF000F34900984418E018FCF7ACFD0246F149FC
:10BF00000A731B1DE018FCF7A5FD0246ED494A73B4
:10BF10001002000C08820846008AEB49884202DDC4
:10BF2000C820E84908821B1DE018FCF793FD024673
:10BF3000E4498A731004000E88741B1DE018FCF796
:10BF400089FDE24908601B1DE018FCF783FDE0490C
:10BF50000860DE480068DF49884202D9DE48DB49D4
:10BF60000860DB480068DB49884202D9DB48D849D1
:10BF700008601B1DE018FCF76DFDD94908601B1D0A
:10BF8000E018FCF767FD0246392A02D10120D549A5
:10BF90000870402A02D10020D2490870C948407B6D
:10BFA000552808D03320C7494873CF48008910214D
:10BFB0000843CD490881C348807B552804D03320ED
:10BFC000C049887300208874BE48007B642802DD65
:10BFD0001120BC490873BA4CB834002313E0E018B0
:10BFE000FCF738FD0246C148C2541004010EBF4898
:10BFF0005F1CC1551002010EBC489F1CC155110E9B
:10C00000DF1CC1551B1D102BE9DB002318E0E118D4
:10C0100008461030FCF71EFD0246B4481030C254EA
:10C020001004010EB14810305F1CC1551002010E02
:10C03000AE4810309F1CC155110EDF1CC1551B1D91
:10C04000082BE4DB20461830FCF704FD0246A84923
:10C050000A701004000EA5490C3908701002000E79
:10C060004870100E887020461C30FCF7F3FC024626
:10C070009E490C39CA701004000E08711002000E9F
:10C080004871100E887120462030FCF7E3FC024610
:10C0900096490C39CA711004000E08721002000E85
:10C0A0004872100E887220462430FCF7D3FC0246FA
:10C0B0008E490C39CA72824CE034002316E0E01835
:10C0C000FCF7C8FC02468B491F460B37CA551004C3
:10C0D000010E884F18460C3039541002010E1846D4
:10C0E0000D303954110E401C39541B1D142BE6DB46
:10C0F00020461430FCF7AEFC02467E49CA77100495
:10C10000010E7C48203001701002000E7A494872FE
:10C11000100E8872002317E0E11808461830FCF76B
:10C1200099FC0246744F18460B303A541004010E25
:10C1300018460C3039541002010E18460D3039548F
:10C14000110E401C39541B1D142BE5DB20462C30EE
:10C15000FCF780FC024669490A701004000E487022
:10C160001002000E8870100E6549087020463030AD
:10C17000FCF770FC024663490A701004000E624925
:10C1800008701002000E61490870100E60490870B6
:10C19000002313E0E11808463430FCF75BFC02464C
:10C1A0005C49CA541004000E5F1CC8551002000EF2
:10C1B0009F1CC855100EDF1CC8551B1D202BE9DB2A
:10C1C000002313E0E11808465430FCF743FC024614
:10C1D0005149CA541004000E5F1CC8551002000ECD
:10C1E0009F1CC855100EDF1CC8551B1D1C2BE9DBFE
:10C1F00020467030FCF72EFC024647490A771004AF
:10C20000000E48771002000E44490870100E487066
:10C21000002314E0E11808467430FCF71BFC0246CA
:10C220003E499F1CCA551004000EDF1CC855100261
:10C23000000E1F1DC855100E5F1DC8551B1D182B65
:10C24000E8DB20468C30FCF705FC024633498A7651
:10C250001004000EC876100EFF2803D100203049CC
:10C26000087002E003202E4908702EA6002504E085
:10C27000307820494855761C6D1C0B2DF8DB3E218B
:10C280001C4F1F4800780B3039541D4800780C3083
:10C290001B49087026A6002504E030781649485549
:10C2A000761C6D1C092DF8DB3E21134F17480078D2
:10C2B00009303954154800780A3014490870F8BD1F
:10C2C00000300008C808002088130000B8050020CE
:10C2D000B405002044510100704301007062000069
:10C2E000740100207C010020200000488C140020F4
:10C2F0008D0600201E15002082150020A1060020BA
:10C300009D0600209E0600209F060020A00600201B
:10C31000A406002046150020AA150020661500205E
:10C32000B00600204D41494C2046524F4D3A3C004A
:10C330005243505420544F3A3C000000FEB50026B2
:10C340000027002400200090FDF79EFC002511E04E
:10C35000002609E02220684350494018805D50497A
:10C360000855641C701CC6B24E48405DB042F1DCFA
:10C37000681CC5B2062DEBDB0020019080E0002791
:10C3800071E030210198484347494018F9004118AD
:10C390000A6849681046FCF761FB064600255AE02A
:10C3A000012F03D0022F01D0032F27D13F48405D3A
:10C3B0003B490855641C701EA8421AD12720085515
:10C3C000641C43200855641C20200855641C085533
:10C3D000641C364800782D2803D0344840782D2836
:10C3E00007D1324800792E2803D020202C49085547
:10C3F000641C0098401CC0B200902AE0002D03D1BC
:10C4000020202749085503E02848405D2449085565
:10C41000641C0098401CC0B200902448405D2E2847
:10C420000AD1D121601E1E4A115487201146085599
:10C43000641C2E200855641C701EA84209D1D0200F
:10C4400017490855641CBC200855641C2E2008554B
:10C45000641C681CC5B2B542A2DB0920104908550E
:10C46000641C781CC7B2062F8BDB0D200C490855C5
:10C47000641C0A200855641C0198401CC0B201903D
:10C480000198182800DA7AE70020054908550122AA
:10C4900007A1034801F0A4FBFEBD0000701B0020B3
:10C4A0003C1C0020C5060020F0160020A806002035
:10C4B0005375626A6563743AD09ED182D187D0B5D4
:10C4C000D18220D0B7D0B020D181D183D182D0BA4F
:10C4D000D0B80000F7B584B005460E4601200390A1
:10C4E000002700206F49087001206F490870092D4E
:10C4F00079DA002405E06D49085DFAF709F9601C56
:10C50000C4B20B2CF7DB29463031C8B2FAF700F978
:10C510002C20FAF7FDF864213046F7F799FE002841
:10C5200002D00320039009E00A213046F7F790FE7D
:10C53000002802D00220039000E000BF03980128E9
:10C5400004D0022808D003283AD118E0314630310F
:10C55000C8B2FAF7DDF833E00A213046F7F778FE83
:10C560003030C0B20290FAF7D3F80A213046F7F71C
:10C570006FFE3031C8B20290FAF7CAF820E06421A9
:10C580003046F7F765FE3030C0B20290FAF7C0F8D7
:10C5900064213046F7F75CFE01910A210198F7F714
:10C5A00057FE3030C0B20290FAF7B2F80A21304696
:10C5B000F7F74EFE3031C8B20290FAF7A9F800BF83
:10C5C00000BF3BA0FAF7B6F80EE0781CC7B20A200D
:10C5D000F9F7E4FAFA2F07DD36480078002801D190
:10C5E0003549087004E054E0344800780028ECD065
:10C5F00000BFFA2F0CDA32480188069801F01AFFC2
:10C6000001202D49087019204001F9F7C7FA2BE0E5
:10C610002CA0FCF7BBFF00202749087000F0F8FFB2
:10C6200000241BE000202E4908702EA0FAF782F8A3
:10C630001FA0FAF77FF8FF202D30F9F7AFFA02F0CC
:10C6400057FC002804D0214627A001F01DFF07E079
:10C6500021462AA001F018FF601CC4B20F2CE1DBB8
:10C6600000BF00201E4908700020144908702748A8
:10C670000078002802D101200A4908706420F9F7E7
:10C680008DFA294622A001F0FFFE6420F9F786FA10
:10C6900006E06420F9F782FA294623A001F0F4FEAF
:10C6A00007B0F0BDB6060020B7060020CB1400206E
:10C6B0000D0A0000C2060020BC060020B8060020BB
:10C6C000F005002043616E206E6F74207472616EFD
:10C6D000736D697420646174612121210000000080
:10C6E000B206002041540000776169745F4F4B2C03
:10C6F000425245414B212069203D200077616974F9
:10C700005F4F4B2C2069203D20000000BE0600201A
:10C710005749464920636F6E6E656374696F6E207A
:10C720006E756D6265723A006572726F72206E7519
:10C730006D657220636F6E6E656374696F6E2C2019
:10C74000636F6E203D200000F3B5DDB007463FA0CB
:10C7500004904C4803900498F7F72EFD029003983C
:10C76000F7F72AFD01903846F7F726FD00900024E0
:10C77000002507E0387805A908557F1C601C84B2A5
:10C78000681C85B200988542F4D300250AE004981D
:10C79000007805A908550498401C0490601C84B2D8
:10C7A000681C85B202988542F1D3374903C9FCF76A
:10C7B00055F90646002507E03448405D05A90855AF
:10C7C000601C84B2681C85B2B542F5DB272005A940
:10C7D0000855601C84B243200855601C84B20025B3
:10C7E0000AE00398007805A908550398401C0390B7
:10C7F000601C84B2681C85B201988542F1D324493B
:10C8000003C9FCF72BF90646002507E01F48405DE9
:10C8100005A90855601C84B2681C85B2B542F5DBD9
:10C82000272005A90855601C84B243200855601CC8
:10C8300084B220200855601C84B2002008550022D4
:10C8400005A85E9901F0CCF95FB0F0BD0A20D0A236
:10C85000D0B5D0BAD183D189D0B0D18F20D182D0F8
:10C86000B5D0BCD0BFD0B5D180D0B0D182D183D12A
:10C8700080D0B020D0B2D0BED0B7D0B4D183D185D3
:10C88000D0B0200078F3000810010020A806002096
:10C890001801002000B5B3B0FE48406CFD49896C1A
:10C8A00009020843FB49C96C090408433190F9485F
:10C8B0004068F849896809020843F64989890904EA
:10C8C00008433090F3484069F249896909020843F6
:10C8D000F049898B090408432F90EE48406AED49DE
:10C8E000896A09020843EB49898D090408432E909F
:10C8F000E848406BE749896B09020843E549898F9D
:10C90000090408432D90E3480078C007C00F0028B1
:10C9100002D0309841423091DE4800680221084040
:10C92000002802D02F9841422F91DA480068042154
:10C930000840002802D02E9841422E91D548006828
:10C9400008210840002802D02D9841422D91D1485D
:10C95000C06C80210840002804D031984002400A71
:10C9600041423191CB480068001140422A90C948A9
:10C9700000692990802129980840002804D029982E
:10C980004006400E41422991C248006A2890802109
:10C9900028980840002804D028984006400E4142BC
:10C9A0002891BC48006B27908021279808400028D8
:10C9B00004D027984006400E41422791B548006CAC
:10C9C0002690802126980840002804D0269840060A
:10C9D000400E41422691B048C08B2C90AE48818BCE
:10C9E0002B913198F8F725F90022AC4B179116904E
:10C9F000F7F780FE259124903098F8F71AF9002275
:10CA0000A64B17911690F7F775FE239122902F9859
:10CA1000F8F70FF90022A14B17911690F7F76AFE6D
:10CA2000219120902E98F8F704F900229B4B179142
:10CA30001690F7F75FFE1F911E902D98F8F7F9F802
:10CA40000022964B17911690F7F754FE1D911C90FB
:10CA50002698F8F7EEF802460B4611911090002048
:10CA60008F49FEF7B9FC139112901D9B1C9AF8F7A1
:10CA7000EBF8179116902C98F8F7DBF80F910E90C1
:10CA80002798F8F7D6F802460B460991089000203F
:10CA90008349FEF7A1FC0B910A901F9B1E9AF8F7A1
:10CAA000D3F80D910C900F9B0E9AF8F7CDF81391D7
:10CAB00012902C98F8F7BDF8002201239B070791EC
:10CAC0000690FEF789FC0B910A902898F8F7B1F8C8
:10CAD00002460B460591049000207149FEF77CFC4C
:10CAE00007910690219B209AF8F7AEF809910890DB
:10CAF0000B9B0A9AF8F7A8F80F910E902C98F8F76C
:10CB000098F80022674B03910290FEF765FC0791AD
:10CB100006902998F8F78DF802460B46019100908F
:10CB200000205F49FEF758FC03910290239B229A54
:10CB3000F8F78AF805910490079B069AF8F784F8AD
:10CB40000B910A902C98F8F774F80022564B039139
:10CB50000290FEF741FC079106902A98F8F769F8D1
:10CB600002460B460191009000204D49FEF734FC2F
:10CB700003910290259B249AF8F766F8059104909A
:10CB8000079B069AF8F760F8099108900B9B0A9AA0
:10CB9000F7F780FD0D910C900F9B0E9AF7F77AFD39
:10CBA00011911090139B129AF7F774FD1591149040
:10CBB000179B169AF7F76EFD1B911A903B4A1B992B
:10CBC0001A9803C20022374B1B991A9802F07EFA7A
:10CBD00002D2012036490870002213461B991A9888
:10CBE00002F074FA0CD201202B49C87400222E4B9B
:10CBF0005B421B991A98F8F727F81B911A9002E0EC
:10CC000000202549C8742698F8F713F802460B4609
:10CC10001191109000202249FEF7DEFB1391129033
:10CC20001D9B1C9AF8F710F8179116902B98F8F79F
:10CC300000F80F910E902798F7F7FBFF02460B467E
:10CC40000991089000201649FEF7C6FB0B910A9047
:10CC50001F9B1E9AF7F7F8FF0D910C900F9B0E9AF1
:10CC6000F7F7F2FF139112902B98F7F7E2FF0022EB
:10CC700001239B0707910690FEF7AEFB0B910A90EC
:10CC80002898F7F7D6FF02460B460591049000203E
:10CC900003490FE0F0080020C80800200088C340C6
:10CCA0000000244000000840000010401001002057
:10CCB00030010020FEF790FB07910690219B209AFF
:10CCC000F7F7C2FF099108900B9B0A9AF7F7BCFF90
:10CCD0000F910E902B98F7F7ACFF0022FE4B0391BB
:10CCE0000290FEF779FB079106902998F7F7A1FFCC
:10CCF00002460B46019100900020F849FEF76CFBBC
:10CD000003910290239B229AF7F79EFF05910490CE
:10CD1000079B069AF7F798FF0B910A902B98F7F765
:10CD200088FF0022EE4B03910290FEF755FB07911E
:10CD300006902A98F7F77DFF02460B460191009076
:10CD40000020E649FEF748FB03910290259B249AB8
:10CD5000F7F77AFF05910490079B069AF7F774FF9F
:10CD6000099108900B9B0A9AF7F794FC0D910C908F
:10CD70000F9B0E9AF7F78EFC11911090139B129A4D
:10CD8000F7F788FC15911490179B169AF7F782FC19
:10CD900019911890D34A1999189803C20022D24BBE
:10CDA0001999189802F0C4F903D20120CF490870EC
:10CDB00002E00020CD490870002213461999189806
:10CDC00002F084F90FD2CA48C07C02210843C84946
:10CDD000C8740022C24B5B4219991898F7F734FFC8
:10CDE0001991189005E0C248C07C02218843C049CF
:10CDF000C8740022BF4B1B991A98F7F725FF1791AB
:10CE00001690F7F7D1FEBA4908810022B94B19995B
:10CE10001898F7F719FF17911690F7F7C5FEB44960
:10CE200048810846408C2C900846008C2B90269810
:10CE3000F7F7FFFE02460B46119110900020A7491C
:10CE4000FEF7CAFA139112901D9B1C9AF7F7FCFE8D
:10CE5000179116902C98F7F7ECFE0F910E902798EB
:10CE6000F7F7E7FE02460B460991089000209B4920
:10CE7000FEF7B2FA0B910A901F9B1E9AF7F7E4FE99
:10CE80000D910C900F9B0E9AF7F7DEFE1391129006
:10CE90002C98F7F7CEFE002201239B0707910690FE
:10CEA000FEF79AFA0B910A902898F7F7C2FE02460D
:10CEB0000B460591049000208849FEF78DFA0791F2
:10CEC0000690219B209AF7F7BFFE099108900B9BD3
:10CED0000A9AF7F7B9FE0F910E902C98F7F7A9FE72
:10CEE00000227D4B03910290FEF776FA079106909F
:10CEF0002998F7F79EFE02460B460191009000200C
:10CF00007649FEF769FA03910290239B229AF7F77C
:10CF10009BFE05910490079B069AF7F795FE0B91EF
:10CF20000A902C98F7F785FE00226D4B0391029032
:10CF3000FEF752FA079106902A98F7F77AFE024612
:10CF40000B460191009000206449FEF745FA0391D9
:10CF50000290259B249AF7F777FE05910490079B92
:10CF6000069AF7F771FE099108900B9B0A9AF7F75A
:10CF700091FB0D910C900F9B0E9AF7F78BFB119183
:10CF80001090139B129AF7F785FB15911490179B3D
:10CF9000169AF7F77FFB1B911A902698F7F749FE30
:10CFA00002460B461191109000204C49FEF714FAEE
:10CFB000139112901D9B1C9AF7F746FE179116903D
:10CFC0002B98F7F736FE0F910E902798F7F731FE62
:10CFD00002460B460991089000204049FEF7FCF9F3
:10CFE0000B910A901F9B1E9AF7F72EFE0D910C9045
:10CFF0000F9B0E9AF7F728FE139112902B98F7F7D4
:10D0000018FE002201239B0707910690FEF7E4F922
:10D010000B910A902898F7F70CFE02460B460591F3
:10D02000049000202D49FEF7D7F907910690219B27
:10D03000209AF7F709FE099108900B9B0A9AF7F7D7
:10D0400003FE0F910E902B98F7F7F3FD0022224B71
:10D0500003910290FEF7C0F9079106902998F7F71F
:10D06000E8FD02460B460191009000201B49FEF7A7
:10D07000B3F903910290239B229AF7F7E5FD0591FE
:10D080000490079B069AF7F7DFFD0B910A902B9807
:10D09000F7F7CFFD0022124B03910290FEF79CF9A7
:10D0A000079106902A98F7F7C4FD02460B460191B6
:10D0B000009000200949FEF78FF903910290259B0B
:10D0C000249AF7F7C1FD05910490079B069AF7F79C
:10D0D000BBFD099108900FE00000084000002440CB
:10D0E000000010401801002000C05740310100200E
:10D0F000C8080020000059400B9B0A9AF7F7CAFAAB
:10D100000D910C900F9B0E9AF7F7C4FA11911090A5
:10D11000139B129AF7F7BEFA15911490179B169A63
:10D12000F7F7B8FA19911890394A1A991B981160B3
:10D130005060384A1999189803C2002213461B9967
:10D140001A9801F0C3FF0ED23348C07C0421084373
:10D150003149C8740022314B1B991A98F7F774FDB6
:10D160001B911A9005E02C48C07C042188432A4971
:10D17000C874002213461999189801F0A7FF0ED21F
:10D180002548C07C082108432349C8740022234B4A
:10D1900019991898F7F758FD1991189005E01E484D
:10D1A000C07C082188431C49C87400221C4B1B9971
:10D1B0001A98F7F749FD17911690F7F7F5FC1649FD
:10D1C000C8840022164B19991898F7F73DFD17915E
:10D1D0001690F7F7E9FC1049888412480088F7F7A1
:10D1E00030FD114A114B13911290F7F72DFD0022DB
:10D1F0000F4B15911490F7F77DFA00220D4B179104
:10D200001690F7F721FD0C4A03C233B000BD0000B1
:10D210002801002020010020C80800200000F0BFE5
:10D2200000005940080100207B14AE47E17A064017
:10D230000000B0400000F83F3801002070B50446FF
:10D240000D46C048C0490978405CA04205D1BE489F
:10D250000078401CBC49087002E00020BA49087000
:10D26000B9480078082802D10020B8490870B548AC
:10D270000830B7490978405CA04205D1B44800782D
:10D28000401CB349087002E00020B1490870B04862
:10D290000078052804D10120AC490870AD4805800C
:10D2A000A8481030AC490978405CA04205D1AA4892
:10D2B0000078401CA849087002E00020A6490870C8
:10D2C000A5480078082805D10220A0490870002050
:10D2D000A24908709B481830A1490978405CA042D7
:10D2E00005D19F480078401C9D49087002E000204D
:10D2F0009B4908709A48007808281BD1032093495D
:10D30000087000209549087096480078002811D1CF
:10D31000284608389449085C303894490870084613
:10D320000078FBF785F9002804D191480078401C6B
:10D330008F490870834820308E490978405CA042AC
:10D3400005D18C480078401C8A49087002E0002012
:10D350008849087087480078072823D104207B4932
:10D36000087000207D4908707E480078002819D197
:10D37000E81F7D49085C30387C4908700846007811
:10D38000FBF756F900280DD079480078002804DD15
:10D3900077480078401E7649087000207649734A25
:10D3A0001278885475480078002807D03E2C05D1A3
:10D3B00001207349087000207049087061483230BC
:10D3C00070490978405CA04205D16E480078401C45
:10D3D0006C49087002E000206A49087069480078CA
:10D3E000082802D101206849087056486230674910
:10D3F0000978405CA04205D164480078401C63492C
:10D40000087002E0002061490870604800780B282D
:10D4100002D101205E4908704A486D305D490978A3
:10D42000405CA04205D15B480078401C5949087017
:10D4300002E000205749087056480078062807D1B6
:10D44000444805800120544908704002FCF76EFFF3
:10D4500051480078002829D0222C06D14F48007866
:10D46000002802D101204E490870222C11D14B48CE
:10D47000007800280DDD4B484849097844540020C5
:10D4800047490870454908704349087001204649DA
:10D49000087043480078002808D042483F4909787E
:10D4A00044543E480078401C3C490870254851309F
:10D4B0003E490978405CA04205D13C480078401CB8
:10D4C0003A49087002E0002038490870374800786F
:10D4D000112802D105201D490870354835490978C1
:10D4E000405CA04205D133480078401C31490870A7
:10D4F00002E000202F4908702E480078052802D14C
:10D5000001202D4908702D480078002817D02C489C
:10D510002C490988405CA04205D12A480088401C5B
:10D520002849088002E00020264908802548008814
:10D5300025490988884202D10120244908702448DD
:10D54000047070BDA4140020920600208C060020F8
:10D55000930600208E06002094060020B9060020C5
:10D5600095060020BF060020FC0E00209B06002030
:10D570009C06002096060020CC160020B70600204E
:10D58000B806002097060020BB0600209806002061
:10D59000BA06002099060020C0060020C30600201D
:10D5A000C4060020D6160020C10600209A060020DE
:10D5B0005FF20008CB060020CC060020D206002037
:10D5C000F4270020D0060020CE060020D30600203D
:10D5D000B106002000B50C4800890121C9030843A9
:10D5E00009490881FF20F530F8F7D8FA0920C0066C
:10D5F00080690121C90308430921C90688610348DC
:10D60000F8F7CCFA00BD000020000048DC0500005F
:10D61000002000BF04E00021044A1154411CC8B29C
:10D620000A28F8DB0021024A11707047CC1600204E
:10D630009C06002010B50848F7F732FE00BF042111
:10D640000548F7F715FE0028F9D00348F7F70CFE58
:10D650000446204610BD00000024014030B585B0CE
:10D660000025142226A16846F6F76EFD002408E086
:10D6700028496818FBF7EEF9A100274A50502D1DE4
:10D68000641CFF2CF4DD0025002413E06846405D97
:10D69000691C6A46515C09020843A91C515C0904D3
:10D6A0000843E91C515C09060843A1001A4A50507E
:10D6B0002D1D641C052CE9DB72B6F8F77DFB1548BF
:10D6C000F8F7F6FAF8F738FB0120F8F767FAF8F7F9
:10D6D00073FB0025002408E0A2000F4B99580D4A67
:10D6E000A818F8F733FB2D1D641CFF2CF4DDF8F7A8
:10D6F00023FB62B61E20F8F751FA05B030BD0000DA
:10D70000D5C36B758B695F3687197C848481E8107B
:10D71000007CBF00003000083C10002070B50646B9
:10D720000025002408E025496818FBF793F9A100BB
:10D73000234A50502D1D641CFF2CF4DD00250024CD
:10D7400015E028465D30315C401C305C0002084327
:10D7500029465F31715C0904084329466031715CD8
:10D7600009060843A100164A50502D1D641C052CC3
:10D77000E7DB72B6F8F720FB1048F8F799FAF8F7EC
:10D78000DBFA0120F8F70AFAF8F716FB0025002467
:10D7900008E0A2000A4B9958084AA818F8F7D6FAE8
:10D7A0002D1D641CFF2CF4DDF8F7C6FA62B61E20AE
:10D7B000F8F7F4F9FEF76AFB70BD000000300008CE
:10D7C0003C100020F7B505460F46002600212648EC
:10D7D000F9F722FE002408E024497018FBF73AF913
:10D7E000A100234A5050361D641CFF2CF4DDA80014
:10D7F0001F490F500B2D0BD1691C89001C4A029840
:10D8000050501C48007B114608621B480068486362
:10D81000082D03D1184800681549486372B6F8F717
:10D82000CBFA1248F8F744FAF8F786FA0120F8F72D
:10D83000B5F9F8F7C1FA0026002408E0A2000C4B65
:10D8400099580A4AB018F8F781FA361D641CFF2C63
:10D85000F4DDF8F771FA62B601210348F9F7DCFD4F
:10D860001E20F8F79BF9FEBD004400400030000880
:10D870003C100020C8080020AC050020F7B5FFB020
:10D88000FFB084B007460021FFA8816000252E2646
:10D8900000240EE0FFA98968444A8818FBF7DAF8EB
:10D8A000A10001AA5050FFA88068011DFFA8816057
:10D8B000641CFF2CEEDDFFA80069112802D012289D
:10D8C00004D101E0002502E00A2500E000BF00BF0E
:10D8D000FFA94869C117890F091889030A0CFFA914
:10D8E0004A61002431E0A000385CA119491989007F
:10D8F00001AA5050A0194019800001A90858A100A0
:10D90000491C795C09020843A11949198900505042
:10D91000A0194019800001A90858A100891C795C50
:10D9200009040843A119491989005050A019401948
:10D93000800001A90858A100C91C795C09060843A8
:10D94000A119491989005050641CFFA840698442FC
:10D95000C9DB72B6F8F730FA1448F8F7A9F9F8F706
:10D96000EBF90120F8F71AF9F8F726FA0021FFA8D9
:10D97000816000240EE0A20001AB9958FFAA9268D2
:10D980000A4BD018F8F7E2F9FFA88068011DFFA83C
:10D990008160641CFF2CEEDDF8F7CEF962B61E2024
:10D9A000F8F7FCF87FB07FB007B0F0BD003000089A
:10D9B00070B505460C4600206119044A50541046C3
:10D9C00006193046FBF7E2FD70BD0000FC0E00209A
:10D9D000FEB504460E46012002900025002001906D
:10D9E000A01C84B201206649087066A0F8F7A2FE68
:10D9F0007D21C9002046F6F72BFC002802D0042028
:10DA0000029012E064212046F6F722FC002802D0A2
:10DA10000320029009E00A212046F6F719FC0028AD
:10DA200002D00220029000E000BF0298012806D038
:10DA300002280CD003281FD0042873D13FE02146D0
:10DA40003031C8B2F8F764FE012001906AE00A2183
:10DA50002046F6F7FDFB3030C7B23846F8F758FEDF
:10DA60000A212046F6F7F4FB3031CFB23846F8F7FA
:10DA70004FFE0220019055E064212046F6F7E8FBB6
:10DA80003030C7B23846F8F743FE64212046F6F737
:10DA9000DFFB00910A210098F6F7DAFB3030C7B2BD
:10DAA0003846F8F735FE0A212046F6F7D1FB30312B
:10DAB000CFB23846F8F72CFE0320019032E07D21EA
:10DAC000C9002046F6F7C4FB3030C7B23846F8F735
:10DAD0001FFE7D21C9002046F6F7BAFB00916421A4
:10DAE0000098F6F7B5FB3030C7B23846F8F710FEAD
:10DAF00064212046F6F7ACFB00910A210098F6F766
:10DB0000A7FB3030C7B23846F8F702FE0A2120469C
:10DB1000F6F79EFB3031CFB23846F8F7F9FD042016
:10DB2000019000BF00BF1AA0F8F704FE0EE0681CC9
:10DB300085B20A20F8F732F8FA2D07DD00201549E2
:10DB4000087015A0019900F09FFC03E01B480078C5
:10DB50000028ECD000BFFA2D0BDAA01E81B23046AF
:10DB600000F068FC0AA0F8F7E5FD012009490870FB
:10DB700002E013A0FBF70AFD002010490870FEBD6B
:10DB8000B706002041542B43495053454E443D00B5
:10DB90000D0A0000BC06002074696D65206F757465
:10DBA0002120636F756E743E3235302C20666C61B7
:10DBB000675F64656275673D00000000B80600207D
:10DBC00043616E206E6F74207472616E736D697440
:10DBD000206461746120666F72204D41494C2100C0
:10DBE000F7B5FFB0D9B00027FF21F531D79100215B
:10DBF000D691009100BF0120F84908700020F84933
:10DC000008700126FFF7E6FCFEF7E4F80020F5496E
:10DC10000870D798F7F7C2FF0020F3490860F3A017
:10DC2000F8F788FDF4A0F8F785FD01F061F9002808
:10DC30000BD1EEA0F8F77EFDEFA0F8F77BFDEFA08B
:10DC4000FBF7A4FC3220F7F7A9FF0020E549087094
:10DC5000EEA0F8F76FFDE8A0F8F76CFD01F048F9C9
:10DC6000002808D1E9A0F8F765FDE3A0F8F762FD08
:10DC70003220F7F793FFEAA5002405E0287801A9F0
:10DC800008556D1C601C84B2132CF7DB002407E0E0
:10DC9000E848005D01A9224613328854601C84B212
:10DCA000E54800788442F3DB222101AAE2480078AB
:10DCB000133011542C21E048007814301154DF48FF
:10DCC0000178DD48007815301154DC484178DA4895
:10DCD000007816301154D9488178D7480078173029
:10DCE00011540021D44800781830115401A8F8F7D5
:10DCF00021FDC1A0F8F71EFDFDF7B0FA0DE03220BE
:10DD0000F7F74CFF781C87B2FF20F530874204DD1F
:10DD1000CBA0FBF73BFC002603E0D14800780328AA
:10DD2000EDD000BF00270020CE490870002E6BD038
:10DD300000231A46CC49CDA001F074F8002801D187
:10DD40000026D6E2D798F7F729FFCAA5002405E0F8
:10DD5000287801A908556D1C601C84B2052CF7DBDE
:10DD6000002408E0C54920461330085C01A9621D63
:10DD70008854601C84B2032CF4DB2E2168460173A6
:10DD8000002409E0BD4920461630085C01A922465E
:10DD900009328854601C84B2032CF3DB2E216846C0
:10DDA0000174002409E0B54920461930085C01A936
:10DDB00022460D328854601C84B2032CF3DB2E21E2
:10DDC00068460175002409E0AC4920461C30085C17
:10DDD00001A9224611328854601C84B2032CF3DB63
:10DDE0000021684601761421009101ABA449A5A049
:10DDF000009A01F017F8002801D1002679E20020EE
:10DE000098490870FDF72AFA0027002E22D0D798EB
:10DE1000F7F7C4FE9DA52846F6F7CEF981B200912A
:10DE2000002405E0287801A908556D1C601C84B207
:10DE300000988442F6DB01AB914997A0009A00F06C
:10DE4000F1FF002801D1002653E200208549087027
:10DE5000FDF704FA0027002E12D0D798F7F79EFEA0
:10DE60008F4B9048027880498BA000F0DBFF0028A0
:10DE700001D100263DE200207A490870FDF7EEF955
:10DE80000027002E12D0D798F7F788FE864B8748D8
:10DE900002787B4986A000F0C5FF002801D100264A
:10DEA00027E200206F490870FDF7D8F90027002EFF
:10DEB00012D0D798F7F772FE7F4B804802787049EE
:10DEC00070A000F0AFFF002801D1002611E2002071
:10DED00064490870FDF7C2F90027002E12D0D798C8
:10DEE000F7F75CFE764B77480278654965A000F04D
:10DEF00099FF002801D10026FBE100205949087054
:10DF0000FDF7ACF90027002E22D0D798F7F746FE90
:10DF10006DA52846F6F750F981B20091002405E07E
:10DF2000287801A908556D1C601C84B200988442B1
:10DF3000F6DB01AB524966A0009A00F073FF00289F
:10DF400001D10026D5E1002046490870FDF786F989
:10DF50000027002E2ED0D798F7F720FED99D28460F
:10DF6000F6F72AF981B20091002405E0287801A98A
:10DF700008556D1C601C84B200988442F6DB01A930
:10DF80000098FFF725FD0BE06420F7F707FE781CEB
:10DF900087B20A2F04DD50A0FBF7F8FA002603E051
:10DFA000304800780028EFD000BF00202D490870CD
:10DFB000FDF754F90027002E0FD0D798F7F7EEFDA4
:10DFC0004BA5002405E0287801A908556D1C601CAC
:10DFD00084B2082CF7DB082496E0B5E0BF060020E9
:10DFE0009B060020B2060020C405002041542B43AC
:10DFF00049504D55583D30000D0A00007265702E95
:10E0000020636F6D204D55580000000041542B4394
:10E01000495053534C53495A453D3430393600002A
:10E0200041542B43495053544152543D2253534C75
:10E03000222C2200AA150020A4060020A106002000
:10E040004E6F20636F6E6E656374696F6E207769C3
:10E05000746820534D5450207365727665722100A8
:10E060008C060020BB060020102700003A32323018
:10E070000000000048656C6F20000000880B002045
:10E08000881300003A3235300000000041555448F2
:10E09000204C4F47494E00003A3333340000000013
:10E0A000461500209E060020661500209F060020D1
:10E0B0003A323335000000001E1500209D06002076
:10E0C00082150020A00600204441544100000000B9
:10E0D0003A333534000000004E6F20616E7377656F
:10E0E0007220666F7220726571205355424A21007A
:10E0F000546F3A2041707044000000009648005D63
:10E1000001A90855601C84B2944800788442F5DB6C
:10E1100001A992480078FFF75BFC0BE06420F7F759
:10E120003DFD781C87B20A2F04DD8DA0FBF72EFA87
:10E13000002603E0904800780028EFD000BF0020C0
:10E140008D490870FDF78AF80027002E35D0D79842
:10E15000F7F724FD89A5002405E0287801A90855D2
:10E160006D1C601C84B20A2CF7DB0A2405E086488B
:10E17000005D01A90855601C84B28448007884427F
:10E18000F5DB01A981480078FFF722FC0BE0642051
:10E19000F7F704FD781C87B20A2F04DD7CA0FBF79B
:10E1A000F5F9002603E0744800780028EFD000BF9E
:10E1B000002071490870FDF751F80027002E40D06B
:10E1C000D798F7F7EBFCDA98002815D1D89D2846A8
:10E1D000F5F7F2FF81B20091002405E0287801A94B
:10E1E00008556D1C601C84B200988442F6DB01A9BE
:10E1F0000098FFF7EDFB0BE0002401E0601C84B207
:10E200006948005D0028F9D167492046FFF7E0FB27
:10E210000DE06420F7F7C2FC781C87B2FF202D3098
:10E22000874204DD61A0FBF7B1F9002603E0524804
:10E2300000780028EDD000BF00204F490870FDF79E
:10E240000DF80027002E20D0D798F7F7A7FC2E2135
:10E250006846017101A90120FFF7BAFB0BE06420B9
:10E26000F7F79CFC781C87B20A2F04DD55A0FBF75A
:10E270008DF9002603E0404800780028EFD000BF69
:10E2800000203D490870FCF7E9FF0027002E2ED042
:10E29000D798F7F783FC51A52846F5F78DFF81B293
:10E2A0000091002405E0287801A908556D1C601C28
:10E2B00084B200988442F6DB01A90098FFF788FB3E
:10E2C0000BE06420F7F76AFC781C87B20A2F04DDA4
:10E2D00044A0FBF75BF9002603E0274800780028FC
:10E2E000EFD000BF002024490870FCF7B7FF0027DB
:10E2F00000BF002E13D1D698042810DAD698401CFF
:10E30000C1B2D6913DA0F8F715FA3220F7F746FCD6
:10E31000D698401CC1B23CA000F0B6F86BE4D69889
:10E32000052807DA002E05D0D698401CC1B23BA0C4
:10E3300000F0AAF8D798F7F731FC00203C490870A4
:10E34000D698012801DDFFF745F9FDF743FDFBF7FE
:10E3500037FA7FB05CB0F0BD82150020A006002027
:10E360004E6F20616E7377657220666F72207265E2
:10E370007120544F21000000BB06002046726F6DD3
:10E380003A204576616E00001E1500209D06002093
:10E390004E6F20616E7377657220666F72207265B2
:10E3A000712046524F4D21003C1C00204E6F2061D1
:10E3B0006E7377657220666F7220726571204D45AD
:10E3C000535321004E6F20616E7377657220666F24
:10E3D000722072657120222E22000000515549548E
:10E3E000000000004E6F20616E7377657220666FCB
:10E3F00072207265712051554954210041542B43BC
:10E400004950434C4F5345006D61696C206E6F74E9
:10E410002073656E64212054727920004D61696C0F
:10E420002073656E742073756363657373212000B8
:10E43000BF06002070B505460E46002404E0285DA6
:10E44000F8F766F9601C84B2B442F8DB70BD0000D6
:10E4500070B504460025264605E00A213046F5F74A
:10E46000EDFE06466D1C002EF7D1E9B22046FAF704
:10E4700083F80448F8F75EF914210248F5F7DAFE4C
:10E4800070BD000028100020F8B505460E46072490
:10E49000012707E02878324908556D1C641C372C89
:10E4A00000DD02E028780028F4D100BF6421304666
:10E4B000F5F7CEFE002801D0032708E00A213046F8
:10E4C000F5F7C6FE002801D0022700E000BF012FAB
:10E4D00004D0022F09D0032F3BD119E03046303051
:10E4E0001F490855A01F887133E00A213046F5F70F
:10E4F000AFFE30301A4908550A213046F5F7A8FE1C
:10E500003031174A601C1154601F1146887120E099
:10E5100064213046F5F79CFE3030114908556421DE
:10E520003046F5F795FE00910A210098F5F790FE28
:10E530003030C1B20A4A601C11540A213046F5F746
:10E5400087FE3031064AA01C1154201F11468871E5
:10E5500000BF00BF742002490871FAF7B5F8F8BD92
:10E56000B8090020F1B58CB0002400250027112047
:10E5700000900026BBA0F8F7DDF8BDA0F8F7DAF8A8
:10E580003220F7F70BFB00F0B3FC002805D1B5A053
:10E59000F8F7D0F8B6A0F8F7CDF83220F7F7FEFA82
:10E5A000B4A0F8F7C7F8232405E00C99085DF8F744
:10E5B000AFF8601CC4B20C982030C07C2330A0425D
:10E5C000F3DCAFA0F8F7B6F8342405E00C99085D49
:10E5D000F8F79EF8601CC4B23C2CF7DB2220F8F759
:10E5E00097F8A3A0F8F7A6F83220F7F7D7FA0CE0CF
:10E5F0003220F7F7D3FA701C86B2FF20F53086423E
:10E6000003DDA0A0FAF7C2FF03E0A54800780028C8
:10E61000EED000BFA2480078002802D0A1A0FAF7EF
:10E62000B5FF00209E490870A448F7F7B7FAA4A0E8
:10E63000F8F780F88EA0F8F77DF83220F7F7AEFAF9
:10E64000002632E03220F7F7A9FA701C86B2282E95
:10E6500009D19BA0F8F76EF885A0F8F76BF8F1B236
:10E660009AA0FFF711FFC82E09D195A0F8F762F81C
:10E670007FA0F8F75FF8F1B298A0FFF705FFFF2041
:10E68000C330864209D18EA0F8F754F878A0F8F785
:10E6900051F8F1B28DA0FFF7F7FEFF20F53086426A
:10E6A00003DD92A0FAF772FF03E096480078002895
:10E6B000C8D000BF93480078002807D0924801785E
:10E6C00092A0FFF7E1FE9620F7F768FA01244DE0EB
:10E6D0009348005D2E280AD09148005D222806D07C
:10E6E0008F48005D01A9C855781CC7B237E0012FDB
:10E6F00004D0022F0FD0032F2DD11BE0302002A910
:10E700004855302102AA681C1154781E01A9095CE1
:10E71000A81C11541FE0302002A94855B81E01A9B9
:10E72000095C02AA681C1154781E01A9095CA81C86
:10E73000115410E0F81E01A9085C02A94855B81E42
:10E7400001A9095C02AA681C1154781E01A9095C80
:10E75000A81C115400BF00BF0027E81CC5B27048B8
:10E76000005D222800D103E0601CC4B2102CAFDB96
:10E7700000BF002405E002A8005D6A490855601C3E
:10E78000C4B20C2CF7DB6749488E0421F9F7F4FE7C
:10E79000002407E06448015D644A20461F3011549C
:10E7A000601CC4B2042CF5DB002407E021462331B1
:10E7B0000C98405C02A90855601CC4B2102CF5DB13
:10E7C000002409E0214634310C98415C02AA20461D
:10E7D00010301154601CC4B2082CF3DB0C982030AC
:10E7E000C07C08A90870002407E04E48015D02AA19
:10E7F000204619301154601CC4B20C2CF5DB414882
:10E800000078002804D0282202A80099FFF736F8E3
:10E810009620F7F7C3F900203A49087044A0F7F7AB
:10E8200089FF13A0F7F786FF3220F7F7B7F900F05A
:10E830005FFB002808D13EA0F7F77CFF0CA0F7F79C
:10E8400079FF3EA0FAF7A2FE3220F7F7A7F90720DA
:10E8500042490870FEF7DCFE0120414908700DB006
:10E86000F0BD000041542B43574D4F44453D31000E
:10E870000D0A000041542B43574A41503D220000ED
:10E88000222C22004E6F20636F6E6E656374696F79
:10E890006E2077697468206E6577204E455421009C
:10E8A000BA0600204553505F636F6E6E6563742037
:10E8B0006E6577204E45542100000000881300004B
:10E8C00041542B4349465352000000007265706565
:10E8D00061742072657120495020000020726570BB
:10E8E0006561742072657120495020004E6F20616F
:10E8F0006E7377657220666F722072657120495061
:10E9000021000000C10600208E060020696E5F63B2
:10E910006F6D5F73746172745F627974652000005B
:10E92000D61600208014002028100020880B00201C
:10E9300041542B43574D4F44453D3200726570653D
:10E940006174206F6E206E657420536D6172745F08
:10E95000486F6D655F455A21000000008C0600205D
:10E96000B606002010B504462300F9F761FD08093A
:10E97000050A3A6AAEEFEE09BC4903C9FCF7C8FCC8
:10E9800071E1BB480088002803D10120F9F772FF2C
:10E9900007E0B7480088142803DAB44903C9FCF734
:10E9A000B7FCB3480088142803D10220F9F762FFAE
:10E9B0000BE0AF480088142807DDAD480088282800
:10E9C00003DAAC4903C9FCF7A3FCA9480088401C42
:10E9D000A749088008460088282801DB0020088015
:10E9E00041E1A3480088002803D10120F9F742FF44
:10E9F00007E09F480088142803DA9C4903C9FCF704
:10EA000087FC9B480088142803D10320F9F732FFC4
:10EA10000BE097480088142807DD954800882828CF
:10EA200003DA954903C9FCF773FC91480088401C40
:10EA30008F49088008460088282801DB00200880CC
:10EA400011E18B480088002803D10120F9F712FF5B
:10EA500007E087480088142803DA844903C9FCF7D3
:10EA600057FC83480088142803D10220F9F702FFDD
:10EA70000BE07F480088142807DD7D48008828289F
:10EA800003DA7C4903C9FCF743FC7948008828284D
:10EA900003D10320F9F7EEFE0BE075480088282823
:10EAA00007DD734800883C2803DA734903C9FCF783
:10EAB0002FFC6F480088401C6D490880084600887C
:10EAC0003C2801DB00200880CDE069480088002850
:10EAD00003D10120F9F7CEFE07E06548008814282D
:10EAE00003DA624903C9FCF713FC61480088142863
:10EAF00003D10220F9F7BEFE0BE05D480088142820
:10EB000007DD5B480088282803DA5A4903C9FCF767
:10EB1000FFFB57480088282803D10320F9F7AAFEF5
:10EB20000BE053480088282807DD514800883C281E
:10EB300003DA514903C9FCF7EBFB4D4800883C2838
:10EB400005D10420F9F796FE0DE048E017E04848AB
:10EB500000883C2807DD46480088502803DA4749EA
:10EB600003C9FCF7D5FB42480088401C4049088097
:10EB700008460088502801DB0020088073E03C48EC
:10EB80000088002803D10120F9F774FE07E0384817
:10EB90000088142803DA354903C9FCF7B9FB344867
:10EBA0000088142803D10420F9F764FE0BE03048F4
:10EBB0000088142807DD2E480088282803DA2F490A
:10EBC00003C9FCF7A5FB2A480088401C2849088097
:10EBD00008460088282801DB0020088043E02448FC
:10EBE0000088002803D10120F9F744FE07E02048FF
:10EBF0000088142803DA1D4903C9FCF789FB1C4867
:10EC00000088142803D10320F9F734FE0BE01848DC
:10EC10000088142807DD16480088282803DA1649DA
:10EC200003C9FCF775FB12480088282803D104208B
:10EC3000F9F720FE0BE00E480088282807DD0C4875
:10EC400000883C2803DA0D4903C9FCF761FB08483A
:10EC50000088401C06490880084600883C2801DBE3
:10EC60000020088000BF00BF10BD00001001002080
:10EC7000D0050020180100202801002020010020DC
:10EC800010B502460020012105E04B1C99B20F2966
:10EC900001DD032004E053184C4CE35C3A2BF4D123
:10ECA00000BF8C1E2300F9F7C3FB05041025526733
:10ECB000840053185B1E454CE35C303B98B2444BD8
:10ECC0001B88DB1C424C238073E053189B1E3F4C77
:10ECD000E35C303B0A246343184653185B1E3B4CED
:10ECE000E35C303B1B1898B2394B1B881B1D384C1A
:10ECF00023805EE0374B1B78002B0BD153185B1E33
:10ED0000324CE35C303B98B2314B1B885B1D304C7E
:10ED100023801BE05318DB1E2C4CE35C303B642447
:10ED20006343184653189B1E284CE35C303B0A246F
:10ED30006343181853185B1E244CE35C1B18303BCC
:10ED400098B2234B1B885B1D214C238031E0531864
:10ED50009B1E1E4CE35C303B0A2463431846531849
:10ED60005B1E1A4CE35C303B1B1898B2184B1B8897
:10ED70009B1D174C23801CE05318DB1E134CE35CD7
:10ED8000303B64246343184653189B1E0F4CE35CCE
:10ED9000303B0A246343181853185B1E0B4CE35C8A
:10EDA0001B18303B98B20A4B1B88DB1D084C238094
:10EDB00000BF00BF074B1B78002B05D1034C531C31
:10EDC000E35C303B044C237010BD0000FC0E0020BF
:10EDD0008E060020BF0600209B060020F8B50646E0
:10EDE0000C46F6F7D9F8051E0F4600D00120014366
:10EDF00049000B484908411AC90F0DD0002E01D017
:10EE0000012100E000210C4361004908401AC00FB5
:10EE100002D10120F6F741F828463946F8BD000036
:10EE20000000F07FFFB583B005460F461646002070
:10EE30000290012001902846F5F7BEF92649088086
:10EE400000240BE02878254908550846015D244A2E
:10EE50002046123011546D1C601CC4B21E4800883C
:10EE60008442EFDB21211E4A1B48008812301154D6
:10EE700000211948008813301154002019490880D6
:10EE8000012019490870002E03D030460699FEF77C
:10EE90009FFD13E06420F6F781FE0298401CC0B28B
:10EEA000029064213846F5F7D3F90299884205DAD1
:10EEB0000B48FAF76BFB0020019003E00B48007849
:10EEC0000028E7D000BF00200749087007490870F4
:10EED000019807B0F0BD0000CE060020F427002006
:10EEE000D4060020D0060020D2060020D306002041
:10EEF00010B5002407E0601C84B20120F6F74EFE36
:10EF0000642C00DD03E0044800780028F3D000BF43
:10EF10000148007810BD0000B206002010B5402066
:10EF20004A49886200240AE0FEF784FB6100484AEF
:10EF30005052FF202D30F6F717FE601C84B2642C6F
:10EF4000F2DB64214248F9F75BFD4249C883202087
:10EF50003E49886200240AE0FEF76CFB61003C4AEF
:10EF60005052FF202D30F6F7FFFD601C84B2642C58
:10EF7000F2DB64213648F9F743FD36498883802067
:10EF800032498862344800890121084332490881A6
:10EF900000240AE0FEF74EFB61002D4A5052FF208C
:10EFA0002D30F6F7E1FD601C84B2642CF2DB6421A5
:10EFB0002748F9F725FD29490880294800780028C5
:10EFC00003D128480078002807D00920C0068069AE
:10EFD000012108430921C9068861FF2001301B492E
:10EFE000886200240AE0FEF725FB6100184A5052AF
:10EFF000FF202D30F6F7B8FD601C84B2642CF2DBE4
:10F0000064211348F9F7FCFC1249088401204002EE
:10F010000E49886200240AE0FEF70CFB61000C4AEE
:10F020005052FF202D30F6F79FFD601C84B2642CF7
:10F03000F2DB64210648F9F7E3FC06494884FF2126
:10F0400091310348F5F7F6F810BD000000240140A7
:10F0500038070020C80800202000004808010020D0
:10F06000860100208701002070B501250C002D05C8
:10F070001C4310D4EC4206D4AC420AD4994200D0CE
:10F0800070BD904270BDE94217D4EB4215D499424D
:10F0900070BD894270BDEC4206D5AC42F9D58B42B9
:10F0A00000D070BD824270BD6D004C00EC4204D2B5
:10F0B0005C00EC4201D28B4270BD034C30B4F5F7DA
:10F0C000F3FE30BC70BD00BF1900120470B50125FD
:10F0D0000C002D051C4310D4EC4206D4AC420AD4DB
:10F0E000994200D070BD904270BDE94217D4EB4206
:10F0F00015D4994270BD894270BDEC4206D5AC4230
:10F10000F9D58B4200D070BD824270BD6D004C00BD
:10F11000EC4204D25C00EC4201D28B4270BD034C45
:10F1200030B4F5F7C1FE30BC70BD00BF1900160445
:10F1300070B501251C002D050C4310D4EC4206D4FB
:10F14000AC420AD48B4200D070BD824270BDEB420B
:10F1500017D4E94215D48B4270BD9B4270BDEC427E
:10F1600006D5AC42F9D5994200D070BD904270BD31
:10F170006D005C00EC4204D24C00EC4201D299429A
:10F1800070BD0FB4034C0CBC03BC30B4F5F78CFE5F
:10F1900030BC70BD190016043F065B4F666D7D07DD
:10F1A0007F6F7F3F4F0076773100373F3100313F2F
:10F1B0007300000000400000000002000000020098
:10F1C0000000020000000200000002000002040033
:10F1D00000040800090002000A0003000100010009
:10F1E0000100010009022900010100C032090400E8
:10F1F0000002030000000921110100012232000772
:10F200000581034000200705010340002006FF00A0
:10F210000901A10185010901150026FF0075089566
:10F220003FB18285010901918285020902150026FC
:10F23000FF007508953F818285020902B182C012E4
:10F240000100020000004083045057000201020345
:10F25000010A060002000000400100040309044501
:10F2600052524F5280807F7E7D7C7B7A7978777690
:10F2700076757473727171706F6E6E6D6C6C6B6A93
:10F280006A69686867666665646463636261616031
:10F29000605F5F5E5E5D5D5C5C5B5B5A5A595958AE
:10F2A0005857575656555555545453535252525118
:10F2B000515050504F4F4F4E4E4D4D4D4C4C4C4B6E
:10F2C0004B4B4A4A4A4949494848484747474746B5
:10F2D00046464545454444444443434343424242F1
:10F2E0004241414100000000000000000000F03FEA
:10F2F000000000000000F83F0000000000000000D7
:10F300000000004003B8E23F0000000000000000E1
:10F3100006D0CF43EBFD4C3E033333333333E33F6F
:10F32000FFAB6FDBB66DDB3F4D268F515555D53F9B
:10F3300001411DA96074D13F65DBC9934A86CD3F69
:10F34000EF4E454A287ECA3F3E5555555555C53F57
:10F3500093BDBE166CC166BF2CDE25AF6A56113F49
:10F36000F16BD2C541BDBBBED0A4BE726937663E4B
:10F3700000000000000000000A20D0A2D0B5D0BAE2
:10F38000D183D189D0B0D18F20D182D0B5D0BCD09B
:10F39000BFD0B5D180D0B0D182D183D180D0B020C0
:10F3A000D182D0B5D0BFD0BBD0BED0BDD0BED18170
:10F3B000D0B8D182D0B5D0BBD18F2000D090D0B200
:10F3C000D0B0D180D0B8D0B9D0BDD18BD0B920D1F8
:10F3D00080D0B5D0B6D0B8D0BC2C20D182D0B5D09A
:10F3E000BCD0BFD0B5D180D0B0D182D183D180D0B4
:10F3F000B020D0B2D0BED0B7D0B4D183D185D0B0F8
:10F4000020D0BED0BFD183D181D182D0B8D0BBD0E3
:10F41000B0D181D18C20D0BDD0B8D0B6D0B52033FA
:10F42000CB9AD0A121212100D090D0B2D0B0D180F0
:10F43000D0B8D0B9D0BDD18BD0B920D180D0B5D083
:10F44000B6D0B8D0BC2C20D182D0B5D0BCD0BFD0E3
:10F45000B5D180D0B0D182D183D180D0B020D1823B
:10F46000D0B5D0BFD0BBD0BED0BDD0BED181D0B87A
:10F47000D182D0B5D0BBD18F20D0BFD0BED0B4D038
:10F48000BDD18FD0BBD0B0D181D18C20D0B2D18BA7
:10F49000D188D0B5203935CB9AD0A12121210000C7
:10F4A000D0F40008C400002034060000A651000873
:10F4B000D0F4000800000020C00000000441000853
:10F4C00088F90008F80600206827000004410008B9
:10F4D000412D010203040445060708091319771496
:10F4E00008557614084F7F1408DD7D1B088304132C
:10F4F000BB811B08C9088122D80240200213010CDD
:10F50000123C0F9017091F3FF21910C2963007776F
:10F510002C610EEEBA51099919C46D078FF46A7007
:10F5200035A563E9A395649E3288DB0EA4B8DC7927
:10F530001EE9D5E088D9D2972B4CB609BD7CB17EA7
:10F54000072DB8E7911DBF906410B71DF220B06A77
:10F550004871B9F3DE41BE847DD4DA1AEBE4DD6D87
:10F5600051B5D4F4C785D38356986C13C0A86B6487
:10F570007AF962FDECC9658A4F5C0114D96C0663A7
:10F58000633D0FFAF50D088DC8206E3B5E10694C87
:10F59000E44160D5727167A2D1E4033C47D4044BC7
:10F5A000FD850DD26BB50AA5FAA8B5356C98B242A7
:10F5B000D6C9BBDB40F9BCACE36CD832755CDF4527
:10F5C000CF0DD6DC593DD1ABAC30D9263A1061DE37
:10F5D000518051D7C81661D0BFB5F4B42123C4B34C
:10F5E000569995BACF0FA5BDB89EB80228088805D0
:10F5F0005FB2D90CC624E90BB1877C6F2F114C6820
:10F6000058AB1D61C13D2D66B69041DC760671DBBD
:10F6100001BC20D2982A10D5EF8985B1711FB5B6EB
:10F6200006A5E4BF9F33D4B8E8A2C9077834F9101F
:10F63000270F8EA8099618980EE1BB0D6A7F2D3D05
:10F640006D08976C6491015C63E6F4516B6B6261C9
:10F650006C1CD83065854E103C62F2ED95066C7BD3
:10F66000A5011BC1F4088257C40FF5C6D9B0655077
:10F67000E9B712EAB8BE8B7C88B9FCDF1DDD6249B0
:10F680002DDA15F37CD38C654CD4FB5861B24DCE8A
:10F6900051B53A7410B1BCA3E230BBD441A5DF4AE6
:10F6A000D795D83D6DC4D1A4FBF4D6D36AE969439C
:10F6B000FCD96E34468867ADD0B860DA732D044447
:10F6C000E51D03335F4C0AAAC97C0DDD3C71055072
:10F6D000AA41022710100BBE86200CC925B5685719
:10F6E000B3856F2009D466B99FE461CE0EF9DE5E62
:10F6F00098C9D9292298D0B0B4A8D7C7173DB35913
:10F70000810DB42E3B5CBDB7AD6CBAC02083B8EDA3
:10F71000B6B3BF9A0CE2B6039AD2B1743947D5EAB0
:10F72000AF77D29D1526DB048316DC73120B63E3DF
:10F73000843B64943E6A6D0DA85A6A7A0BCF0EE43E
:10F740009DFF099327AE10E40AB19E077D44930FF5
:10F75000F0D2A3088768F2011EFEC206695D5762F7
:10F76000F7CB67658071366C19E7066B6E761BD434
:10F77000FEE02BD3895A7ADA10CC4ADD676FDFB905
:10F78000F9F9EFBE8E43BEB717D58EB060E8A3D6A9
:10F79000D67E93D1A1C4C2D83852F2DF4FF167BBF5
:10F7A000D16757BCA6DD06B53F4B36B248DA2B0D04
:10F7B000D84C1B0AAFF64A0336607A0441C3EF60A7
:10F7C000DF55DF67A8EF8E6E3179BE69468CB36175
:10F7D000CB1A8366BCA0D26F2536E2685295770CAF
:10F7E000CC03470BBBB91602222F260555BE3BBAE8
:10F7F000C5280BBDB2925AB42B046AB35CA7FFD7DD
:10F80000C231CFD0B58B9ED92C1DAEDE5BB0C264A9
:10F810009B26F263EC9CA36A750A936D02A9060904
:10F820009C3F360EEB85670772135780E205824ACC
:10F83000BF95147AB8E2AE2BB17B381BB60C9B8E09
:10F84000D2920DBED5E5B7EFDC7C21DFDB0BD4D245
:10F85000D38642E2D4F1F8B3DD686E83DA1FCD16A9
:10F86000BE815B26B9F6E177B06F7747B718E65AE5
:10F870000888706A0FFFCA3B06665C0B0111FF9E89
:10F88000658F69AE62F8D3FF6B6145CF6C1678E285
:10F890000AA0EED20DD75483044EC2B303396126B9
:10F8A00067A7F71660D04D476949DB776E3E4A6A15
:10F8B000D1AEDC5AD6D9660BDF40F03BD83753AE19
:10F8C000BCA9C59EBBDE7FCFB247E9FFB5301CF2B5
:10F8D000BDBD8AC2BACA3093B353A6A3B4240536B9
:10F8E000D0BA9306D7CD2957DE54BF67D9232E7AD5
:10F8F00066B3B84A61C4021B685D942B6F2A37BE99
:10F900000BB4A18E0CC31BDF055A8DEF022D022C08
:10F9100003630308124412403C3801400821DA48CE
:10F920000451138D7B1B085D041AFD04411A7708EE
:10F9300013A9791B08BD04415A7D18D12207720111
:10F9400013FD8114083D821B084D041A71041A9599
:10F95000041AD5141A15080A191AB51A13201A0D03
:10F96000041AF92C1A11081A0F04012F19834903DC
:10F97000011800131254696D656F75742077616901
:08F980007420576F726420002F
:04000005080040C1EE
:00000001FF
